.section .content_data.demo_banim_scr

.global Anim_BANIM_AlearLord_Sword_pal
.global Anim_BANIM_AlearLord_Sword_sectiondata
.global Anim_BANIM_AlearLord_Sword_framedata
.global Anim_BANIM_AlearLord_Sword_rtl

.align 2, 0
Anim_BANIM_AlearLord_Sword_pal:
.byte  0x10, 0x40, 0x0, 0x0, 0x0, 0x55, 0x53, 0x2d, 0x10, 0x77, 0x20, 0x1e, 0x21, 0x0, 0xe9, 0x30, 0x6e, 0x45, 0xb7, 0x6a, 0xff, 0x7f, 0x0, 0xa5, 0x14, 0x2e, 0x19, 0x18, 0x2a, 0x1f, 0x4b, 0x0, 0xe7, 0x48, 0xce, 0x75, 0x9e, 0x1a, 0xff, 0x1b, 0x30, 0x0, 0x0, 0xf0, 0x1, 0x90, 0x13, 0x0

.align 2, 0
Anim_BANIM_AlearLord_Sword_sectiondata:
.byte  0x0, 0x0, 0x0, 0x0, 0xd0, 0x1, 0x0, 0x0, 0xa0, 0x3, 0x0, 0x0, 0xa0, 0x5, 0x0, 0x0, 0xa0, 0x7, 0x0, 0x0, 0x24, 0x8, 0x0, 0x0, 0x20, 0x9, 0x0, 0x0, 0x70, 0x9, 0x0, 0x0, 0xc0, 0x9, 0x0, 0x0, 0x3c, 0xa, 0x0, 0x0, 0x50, 0xa, 0x0, 0x0, 0xcc, 0xa, 0x0, 0x0

.align 2, 0
Anim_BANIM_AlearLord_Sword_framedata:
.word 0x86000001
.word Anim_BANIM_AlearLord_Sword_Sheet_0
.word 0xc
.word 0x85000003
.word 0x85000007
.word 0x86000003
.word Anim_BANIM_AlearLord_Sword_Sheet_0
.word 0xc
.word 0x86010005
.word Anim_BANIM_AlearLord_Sword_Sheet_0
.word 0x6c
.word 0x86020004
.word Anim_BANIM_AlearLord_Sword_Sheet_0
.word 0xd8
.word 0x86030004
.word Anim_BANIM_AlearLord_Sword_Sheet_0
.word 0x120
.word 0x86040003
.word Anim_BANIM_AlearLord_Sword_Sheet_0
.word 0x180
.word 0x86050004
.word Anim_BANIM_AlearLord_Sword_Sheet_0
.word 0x1c8
.word 0x85000034
.word 0x86060004
.word Anim_BANIM_AlearLord_Sword_Sheet_0
.word 0x204
.word 0x86070003
.word Anim_BANIM_AlearLord_Sword_Sheet_0
.word 0x258
.word 0x85000022
.word 0x86080004
.word Anim_BANIM_AlearLord_Sword_Sheet_0
.word 0x2b8
.word 0x86090004
.word Anim_BANIM_AlearLord_Sword_Sheet_0
.word 0x30c
.word 0x860a0005
.word Anim_BANIM_AlearLord_Sword_Sheet_0
.word 0x39c
.word 0x860b0007
.word Anim_BANIM_AlearLord_Sword_Sheet_1
.word 0x42c
.word 0x860c0003
.word Anim_BANIM_AlearLord_Sword_Sheet_1
.word 0x48c
.word 0x85000024
.word 0x85000004
.word 0x8500001a
.word 0x85000021
.word 0x860d0002
.word Anim_BANIM_AlearLord_Sword_Sheet_1
.word 0x4ec
.word 0x85000034
.word 0x860e0002
.word Anim_BANIM_AlearLord_Sword_Sheet_1
.word 0x5d0
.word 0x860f0004
.word Anim_BANIM_AlearLord_Sword_Sheet_1
.word 0x6cc
.word 0x86100003
.word Anim_BANIM_AlearLord_Sword_Sheet_1
.word 0x738
.word 0x86110003
.word Anim_BANIM_AlearLord_Sword_Sheet_1
.word 0x798
.word 0x86120004
.word Anim_BANIM_AlearLord_Sword_Sheet_1
.word 0x7e0
.word 0x86130004
.word Anim_BANIM_AlearLord_Sword_Sheet_1
.word 0x84c
.word 0x86140001
.word Anim_BANIM_AlearLord_Sword_Sheet_1
.word 0x8c4
.word 0x85000001
.word 0x86150005
.word Anim_BANIM_AlearLord_Sword_Sheet_2
.word 0x948
.word 0x8616000a
.word Anim_BANIM_AlearLord_Sword_Sheet_0
.word 0x990
.word 0x86170003
.word Anim_BANIM_AlearLord_Sword_Sheet_2
.word 0xa2c
.word 0x86180002
.word Anim_BANIM_AlearLord_Sword_Sheet_2
.word 0xa74
.word 0x86190002
.word Anim_BANIM_AlearLord_Sword_Sheet_2
.word 0xabc
.word 0x861a0003
.word Anim_BANIM_AlearLord_Sword_Sheet_2
.word 0xaf8
.word 0x861b0003
.word Anim_BANIM_AlearLord_Sword_Sheet_2
.word 0xb34
.word 0x861c0003
.word Anim_BANIM_AlearLord_Sword_Sheet_2
.word 0xb7c
.word 0x861d0004
.word Anim_BANIM_AlearLord_Sword_Sheet_2
.word 0xbd0
.word 0x85000034
.word 0x861e0003
.word Anim_BANIM_AlearLord_Sword_Sheet_2
.word 0xc24
.word 0x861f0003
.word Anim_BANIM_AlearLord_Sword_Sheet_2
.word 0xc6c
.word 0x86000003
.word Anim_BANIM_AlearLord_Sword_Sheet_0
.word 0xc
.word 0x85000006
.word 0x8500000d
.word 0x80000000
.word 0x86000001
.word Anim_BANIM_AlearLord_Sword_Sheet_0
.word 0x0
.word 0x85000003
.word 0x85000007
.word 0x86000003
.word Anim_BANIM_AlearLord_Sword_Sheet_0
.word 0x0
.word 0x86010005
.word Anim_BANIM_AlearLord_Sword_Sheet_0
.word 0x0
.word 0x86020004
.word Anim_BANIM_AlearLord_Sword_Sheet_0
.word 0x0
.word 0x86030004
.word Anim_BANIM_AlearLord_Sword_Sheet_0
.word 0x0
.word 0x86040003
.word Anim_BANIM_AlearLord_Sword_Sheet_0
.word 0x0
.word 0x86050004
.word Anim_BANIM_AlearLord_Sword_Sheet_0
.word 0x0
.word 0x85000034
.word 0x86060004
.word Anim_BANIM_AlearLord_Sword_Sheet_0
.word 0x0
.word 0x86070003
.word Anim_BANIM_AlearLord_Sword_Sheet_0
.word 0x0
.word 0x85000022
.word 0x86080004
.word Anim_BANIM_AlearLord_Sword_Sheet_0
.word 0x0
.word 0x86090004
.word Anim_BANIM_AlearLord_Sword_Sheet_0
.word 0x0
.word 0x860a0005
.word Anim_BANIM_AlearLord_Sword_Sheet_0
.word 0x0
.word 0x860b0007
.word Anim_BANIM_AlearLord_Sword_Sheet_1
.word 0x0
.word 0x860c0003
.word Anim_BANIM_AlearLord_Sword_Sheet_1
.word 0x0
.word 0x85000024
.word 0x85000004
.word 0x8500001a
.word 0x85000021
.word 0x860d0002
.word Anim_BANIM_AlearLord_Sword_Sheet_1
.word 0x558
.word 0x85000034
.word 0x860e0002
.word Anim_BANIM_AlearLord_Sword_Sheet_1
.word 0x648
.word 0x860f0004
.word Anim_BANIM_AlearLord_Sword_Sheet_1
.word 0x0
.word 0x86100003
.word Anim_BANIM_AlearLord_Sword_Sheet_1
.word 0x0
.word 0x86110003
.word Anim_BANIM_AlearLord_Sword_Sheet_1
.word 0x0
.word 0x86120004
.word Anim_BANIM_AlearLord_Sword_Sheet_1
.word 0x0
.word 0x86130004
.word Anim_BANIM_AlearLord_Sword_Sheet_1
.word 0x0
.word 0x86140001
.word Anim_BANIM_AlearLord_Sword_Sheet_1
.word 0x0
.word 0x85000001
.word 0x86150005
.word Anim_BANIM_AlearLord_Sword_Sheet_2
.word 0x0
.word 0x8616000a
.word Anim_BANIM_AlearLord_Sword_Sheet_0
.word 0x0
.word 0x86170003
.word Anim_BANIM_AlearLord_Sword_Sheet_2
.word 0x0
.word 0x86180002
.word Anim_BANIM_AlearLord_Sword_Sheet_2
.word 0x0
.word 0x86190002
.word Anim_BANIM_AlearLord_Sword_Sheet_2
.word 0x0
.word 0x861a0003
.word Anim_BANIM_AlearLord_Sword_Sheet_2
.word 0x0
.word 0x861b0003
.word Anim_BANIM_AlearLord_Sword_Sheet_2
.word 0x0
.word 0x861c0003
.word Anim_BANIM_AlearLord_Sword_Sheet_2
.word 0x0
.word 0x861d0004
.word Anim_BANIM_AlearLord_Sword_Sheet_2
.word 0x0
.word 0x85000034
.word 0x861e0003
.word Anim_BANIM_AlearLord_Sword_Sheet_2
.word 0x0
.word 0x861f0003
.word Anim_BANIM_AlearLord_Sword_Sheet_2
.word 0x0
.word 0x86000003
.word Anim_BANIM_AlearLord_Sword_Sheet_0
.word 0x0
.word 0x85000006
.word 0x8500000d
.word 0x80000000
.word 0x86000001
.word Anim_BANIM_AlearLord_Sword_Sheet_0
.word 0xc
.word 0x85000003
.word 0x85000007
.word 0x86000003
.word Anim_BANIM_AlearLord_Sword_Sheet_0
.word 0xc
.word 0x86010005
.word Anim_BANIM_AlearLord_Sword_Sheet_0
.word 0x6c
.word 0x85000022
.word 0x86200002
.word Anim_BANIM_AlearLord_Sword_Sheet_2
.word 0xcc0
.word 0x86210002
.word Anim_BANIM_AlearLord_Sword_Sheet_2
.word 0xd14
.word 0x86220002
.word Anim_BANIM_AlearLord_Sword_Sheet_2
.word 0xd80
.word 0x86230003
.word Anim_BANIM_AlearLord_Sword_Sheet_2
.word 0xde0
.word 0x86240005
.word Anim_BANIM_AlearLord_Sword_Sheet_3
.word 0xe70
.word 0x86250007
.word Anim_BANIM_AlearLord_Sword_Sheet_3
.word 0xec4
.word 0x8626000c
.word Anim_BANIM_AlearLord_Sword_Sheet_3
.word 0xf0c
.word 0x85000023
.word 0x86270002
.word Anim_BANIM_AlearLord_Sword_Sheet_3
.word 0xf48
.word 0x86280002
.word Anim_BANIM_AlearLord_Sword_Sheet_3
.word 0x1014
.word 0x86290002
.word Anim_BANIM_AlearLord_Sword_Sheet_3
.word 0x1074
.word 0x862a0002
.word Anim_BANIM_AlearLord_Sword_Sheet_3
.word 0x10bc
.word 0x862b0003
.word Anim_BANIM_AlearLord_Sword_Sheet_3
.word 0x1110
.word 0x862c0003
.word Anim_BANIM_AlearLord_Sword_Sheet_3
.word 0x1158
.word 0x862d0004
.word Anim_BANIM_AlearLord_Sword_Sheet_3
.word 0x11c4
.word 0x862e0007
.word Anim_BANIM_AlearLord_Sword_Sheet_3
.word 0x1248
.word 0x85000024
.word 0x85000004
.word 0x8500000c
.word 0x85000021
.word 0x862f0002
.word Anim_BANIM_AlearLord_Sword_Sheet_4
.word 0x12b4
.word 0x85000034
.word 0x860e0002
.word Anim_BANIM_AlearLord_Sword_Sheet_1
.word 0x5d0
.word 0x860f0004
.word Anim_BANIM_AlearLord_Sword_Sheet_1
.word 0x6cc
.word 0x86100003
.word Anim_BANIM_AlearLord_Sword_Sheet_1
.word 0x738
.word 0x86110003
.word Anim_BANIM_AlearLord_Sword_Sheet_1
.word 0x798
.word 0x86120004
.word Anim_BANIM_AlearLord_Sword_Sheet_1
.word 0x7e0
.word 0x86130004
.word Anim_BANIM_AlearLord_Sword_Sheet_1
.word 0x84c
.word 0x86140001
.word Anim_BANIM_AlearLord_Sword_Sheet_1
.word 0x8c4
.word 0x85000001
.word 0x86150005
.word Anim_BANIM_AlearLord_Sword_Sheet_2
.word 0x948
.word 0x8616000a
.word Anim_BANIM_AlearLord_Sword_Sheet_0
.word 0x990
.word 0x86170003
.word Anim_BANIM_AlearLord_Sword_Sheet_2
.word 0xa2c
.word 0x86180002
.word Anim_BANIM_AlearLord_Sword_Sheet_2
.word 0xa74
.word 0x86190002
.word Anim_BANIM_AlearLord_Sword_Sheet_2
.word 0xabc
.word 0x861a0003
.word Anim_BANIM_AlearLord_Sword_Sheet_2
.word 0xaf8
.word 0x861b0003
.word Anim_BANIM_AlearLord_Sword_Sheet_2
.word 0xb34
.word 0x861c0003
.word Anim_BANIM_AlearLord_Sword_Sheet_2
.word 0xb7c
.word 0x861d0004
.word Anim_BANIM_AlearLord_Sword_Sheet_2
.word 0xbd0
.word 0x85000034
.word 0x861e0003
.word Anim_BANIM_AlearLord_Sword_Sheet_2
.word 0xc24
.word 0x861f0003
.word Anim_BANIM_AlearLord_Sword_Sheet_2
.word 0xc6c
.word 0x86000003
.word Anim_BANIM_AlearLord_Sword_Sheet_0
.word 0xc
.word 0x85000006
.word 0x8500000d
.word 0x80000000
.word 0x86000001
.word Anim_BANIM_AlearLord_Sword_Sheet_0
.word 0x0
.word 0x85000003
.word 0x85000007
.word 0x86000003
.word Anim_BANIM_AlearLord_Sword_Sheet_0
.word 0x0
.word 0x86010005
.word Anim_BANIM_AlearLord_Sword_Sheet_0
.word 0x0
.word 0x85000022
.word 0x86200002
.word Anim_BANIM_AlearLord_Sword_Sheet_2
.word 0x0
.word 0x86210002
.word Anim_BANIM_AlearLord_Sword_Sheet_2
.word 0x0
.word 0x86220002
.word Anim_BANIM_AlearLord_Sword_Sheet_2
.word 0x0
.word 0x86230003
.word Anim_BANIM_AlearLord_Sword_Sheet_2
.word 0x0
.word 0x86240005
.word Anim_BANIM_AlearLord_Sword_Sheet_3
.word 0x0
.word 0x86250007
.word Anim_BANIM_AlearLord_Sword_Sheet_3
.word 0x0
.word 0x8626000c
.word Anim_BANIM_AlearLord_Sword_Sheet_3
.word 0x0
.word 0x85000023
.word 0x86270002
.word Anim_BANIM_AlearLord_Sword_Sheet_3
.word 0x0
.word 0x86280002
.word Anim_BANIM_AlearLord_Sword_Sheet_3
.word 0x0
.word 0x86290002
.word Anim_BANIM_AlearLord_Sword_Sheet_3
.word 0x0
.word 0x862a0002
.word Anim_BANIM_AlearLord_Sword_Sheet_3
.word 0x0
.word 0x862b0003
.word Anim_BANIM_AlearLord_Sword_Sheet_3
.word 0x0
.word 0x862c0003
.word Anim_BANIM_AlearLord_Sword_Sheet_3
.word 0x0
.word 0x862d0004
.word Anim_BANIM_AlearLord_Sword_Sheet_3
.word 0x0
.word 0x862e0007
.word Anim_BANIM_AlearLord_Sword_Sheet_3
.word 0x0
.word 0x85000024
.word 0x85000004
.word 0x8500000c
.word 0x85000021
.word 0x862f0002
.word Anim_BANIM_AlearLord_Sword_Sheet_4
.word 0x13b0
.word 0x85000034
.word 0x860e0002
.word Anim_BANIM_AlearLord_Sword_Sheet_1
.word 0x648
.word 0x860f0004
.word Anim_BANIM_AlearLord_Sword_Sheet_1
.word 0x0
.word 0x86100003
.word Anim_BANIM_AlearLord_Sword_Sheet_1
.word 0x0
.word 0x86110003
.word Anim_BANIM_AlearLord_Sword_Sheet_1
.word 0x0
.word 0x86120004
.word Anim_BANIM_AlearLord_Sword_Sheet_1
.word 0x0
.word 0x86130004
.word Anim_BANIM_AlearLord_Sword_Sheet_1
.word 0x0
.word 0x86140001
.word Anim_BANIM_AlearLord_Sword_Sheet_1
.word 0x0
.word 0x85000001
.word 0x86150005
.word Anim_BANIM_AlearLord_Sword_Sheet_2
.word 0x0
.word 0x8616000a
.word Anim_BANIM_AlearLord_Sword_Sheet_0
.word 0x0
.word 0x86170003
.word Anim_BANIM_AlearLord_Sword_Sheet_2
.word 0x0
.word 0x86180002
.word Anim_BANIM_AlearLord_Sword_Sheet_2
.word 0x0
.word 0x86190002
.word Anim_BANIM_AlearLord_Sword_Sheet_2
.word 0x0
.word 0x861a0003
.word Anim_BANIM_AlearLord_Sword_Sheet_2
.word 0x0
.word 0x861b0003
.word Anim_BANIM_AlearLord_Sword_Sheet_2
.word 0x0
.word 0x861c0003
.word Anim_BANIM_AlearLord_Sword_Sheet_2
.word 0x0
.word 0x861d0004
.word Anim_BANIM_AlearLord_Sword_Sheet_2
.word 0x0
.word 0x85000034
.word 0x861e0003
.word Anim_BANIM_AlearLord_Sword_Sheet_2
.word 0x0
.word 0x861f0003
.word Anim_BANIM_AlearLord_Sword_Sheet_2
.word 0x0
.word 0x86000003
.word Anim_BANIM_AlearLord_Sword_Sheet_0
.word 0x0
.word 0x85000006
.word 0x8500000d
.word 0x80000000
.word 0x86000001
.word Anim_BANIM_AlearLord_Sword_Sheet_0
.word 0xc
.word 0x85000003
.word 0x85000007
.word 0x86000003
.word Anim_BANIM_AlearLord_Sword_Sheet_0
.word 0xc
.word 0x86300002
.word Anim_BANIM_AlearLord_Sword_Sheet_3
.word 0x14b8
.word 0x85000022
.word 0x86310003
.word Anim_BANIM_AlearLord_Sword_Sheet_4
.word 0x150c
.word 0x85000005
.word 0x86320001
.word Anim_BANIM_AlearLord_Sword_Sheet_4
.word 0x1584
.word 0x85000001
.word 0x85000023
.word 0x86310003
.word Anim_BANIM_AlearLord_Sword_Sheet_4
.word 0x150c
.word 0x86300002
.word Anim_BANIM_AlearLord_Sword_Sheet_3
.word 0x14b8
.word 0x86000003
.word Anim_BANIM_AlearLord_Sword_Sheet_0
.word 0xc
.word 0x85000006
.word 0x8500000d
.word 0x80000000
.word 0x86000001
.word Anim_BANIM_AlearLord_Sword_Sheet_0
.word 0xc
.word 0x85000003
.word 0x85000007
.word 0x86000003
.word Anim_BANIM_AlearLord_Sword_Sheet_0
.word 0xc
.word 0x86300002
.word Anim_BANIM_AlearLord_Sword_Sheet_3
.word 0x14b8
.word 0x85000022
.word 0x86310003
.word Anim_BANIM_AlearLord_Sword_Sheet_4
.word 0x150c
.word 0x86320002
.word Anim_BANIM_AlearLord_Sword_Sheet_4
.word 0x1584
.word 0x86330003
.word Anim_BANIM_AlearLord_Sword_Sheet_4
.word 0x15f0
.word 0x86340002
.word Anim_BANIM_AlearLord_Sword_Sheet_4
.word 0x165c
.word 0x86320003
.word Anim_BANIM_AlearLord_Sword_Sheet_4
.word 0x1584
.word 0x86330004
.word Anim_BANIM_AlearLord_Sword_Sheet_4
.word 0x15f0
.word 0x86340003
.word Anim_BANIM_AlearLord_Sword_Sheet_4
.word 0x165c
.word 0x86320003
.word Anim_BANIM_AlearLord_Sword_Sheet_4
.word 0x1584
.word 0x86330006
.word Anim_BANIM_AlearLord_Sword_Sheet_4
.word 0x15f0
.word 0x86340005
.word Anim_BANIM_AlearLord_Sword_Sheet_4
.word 0x165c
.word 0x86320001
.word Anim_BANIM_AlearLord_Sword_Sheet_4
.word 0x1584
.word 0x85000005
.word 0x86320001
.word Anim_BANIM_AlearLord_Sword_Sheet_4
.word 0x1584
.word 0x85000001
.word 0x85000023
.word 0x86310003
.word Anim_BANIM_AlearLord_Sword_Sheet_4
.word 0x150c
.word 0x86300002
.word Anim_BANIM_AlearLord_Sword_Sheet_3
.word 0x14b8
.word 0x86000003
.word Anim_BANIM_AlearLord_Sword_Sheet_0
.word 0xc
.word 0x85000006
.word 0x8500000d
.word 0x80000000
.word 0x86000001
.word Anim_BANIM_AlearLord_Sword_Sheet_0
.word 0xc
.word 0x85000002
.word 0x86000001
.word Anim_BANIM_AlearLord_Sword_Sheet_0
.word 0xc
.word 0x8500000e
.word 0x86350003
.word Anim_BANIM_AlearLord_Sword_Sheet_3
.word 0x16c8
.word 0x86360001
.word Anim_BANIM_AlearLord_Sword_Sheet_4
.word 0x1758
.word 0x85000001
.word 0x86350003
.word Anim_BANIM_AlearLord_Sword_Sheet_3
.word 0x16c8
.word 0x8500000d
.word 0x80000000
.word 0x86000001
.word Anim_BANIM_AlearLord_Sword_Sheet_0
.word 0xc
.word 0x85000002
.word 0x86000001
.word Anim_BANIM_AlearLord_Sword_Sheet_0
.word 0xc
.word 0x8500000e
.word 0x86350003
.word Anim_BANIM_AlearLord_Sword_Sheet_3
.word 0x16c8
.word 0x86360001
.word Anim_BANIM_AlearLord_Sword_Sheet_4
.word 0x1758
.word 0x85000001
.word 0x86350003
.word Anim_BANIM_AlearLord_Sword_Sheet_3
.word 0x16c8
.word 0x8500000d
.word 0x80000000
.word 0x86370004
.word Anim_BANIM_AlearLord_Sword_Sheet_4
.word 0x17b8
.word 0x86380003
.word Anim_BANIM_AlearLord_Sword_Sheet_4
.word 0x180c
.word 0x86390003
.word Anim_BANIM_AlearLord_Sword_Sheet_4
.word 0x1860
.word 0x863a0004
.word Anim_BANIM_AlearLord_Sword_Sheet_4
.word 0x18f0
.word 0x863b0003
.word Anim_BANIM_AlearLord_Sword_Sheet_4
.word 0x1968
.word 0x863c0003
.word Anim_BANIM_AlearLord_Sword_Sheet_5
.word 0x1a04
.word 0x863d0004
.word Anim_BANIM_AlearLord_Sword_Sheet_5
.word 0x1a58
.word 0x863e0003
.word Anim_BANIM_AlearLord_Sword_Sheet_5
.word 0x1ab8
.word 0x863f0003
.word Anim_BANIM_AlearLord_Sword_Sheet_5
.word 0x1b18
.word 0x86000002
.word Anim_BANIM_AlearLord_Sword_Sheet_0
.word 0xc
.word 0x80000000
.word 0x86000002
.word Anim_BANIM_AlearLord_Sword_Sheet_0
.word 0xc
.word 0x85000001
.word 0x80000000
.word 0x86370004
.word Anim_BANIM_AlearLord_Sword_Sheet_4
.word 0x17b8
.word 0x86380003
.word Anim_BANIM_AlearLord_Sword_Sheet_4
.word 0x180c
.word 0x86390003
.word Anim_BANIM_AlearLord_Sword_Sheet_4
.word 0x1860
.word 0x863a0004
.word Anim_BANIM_AlearLord_Sword_Sheet_4
.word 0x18f0
.word 0x863b0003
.word Anim_BANIM_AlearLord_Sword_Sheet_4
.word 0x1968
.word 0x863c0003
.word Anim_BANIM_AlearLord_Sword_Sheet_5
.word 0x1a04
.word 0x863d0004
.word Anim_BANIM_AlearLord_Sword_Sheet_5
.word 0x1a58
.word 0x863e0003
.word Anim_BANIM_AlearLord_Sword_Sheet_5
.word 0x1ab8
.word 0x863f0003
.word Anim_BANIM_AlearLord_Sword_Sheet_5
.word 0x1b18
.word 0x86000002
.word Anim_BANIM_AlearLord_Sword_Sheet_0
.word 0xc
.word 0x80000000
.word 0x86000001
.word Anim_BANIM_AlearLord_Sword_Sheet_0
.word 0xc
.word 0x85000003
.word 0x85000007
.word 0x86000003
.word Anim_BANIM_AlearLord_Sword_Sheet_0
.word 0xc
.word 0x86010005
.word Anim_BANIM_AlearLord_Sword_Sheet_0
.word 0x6c
.word 0x86020004
.word Anim_BANIM_AlearLord_Sword_Sheet_0
.word 0xd8
.word 0x86030004
.word Anim_BANIM_AlearLord_Sword_Sheet_0
.word 0x120
.word 0x86040003
.word Anim_BANIM_AlearLord_Sword_Sheet_0
.word 0x180
.word 0x86050004
.word Anim_BANIM_AlearLord_Sword_Sheet_0
.word 0x1c8
.word 0x85000034
.word 0x86060004
.word Anim_BANIM_AlearLord_Sword_Sheet_0
.word 0x204
.word 0x86070003
.word Anim_BANIM_AlearLord_Sword_Sheet_0
.word 0x258
.word 0x85000022
.word 0x86080004
.word Anim_BANIM_AlearLord_Sword_Sheet_0
.word 0x2b8
.word 0x86090004
.word Anim_BANIM_AlearLord_Sword_Sheet_0
.word 0x30c
.word 0x860a0005
.word Anim_BANIM_AlearLord_Sword_Sheet_0
.word 0x39c
.word 0x860b0007
.word Anim_BANIM_AlearLord_Sword_Sheet_1
.word 0x42c
.word 0x860c0003
.word Anim_BANIM_AlearLord_Sword_Sheet_1
.word 0x48c
.word 0x85000024
.word 0x85000004
.word 0x86400002
.word Anim_BANIM_AlearLord_Sword_Sheet_1
.word 0x1b84
.word 0x85000034
.word 0x86410002
.word Anim_BANIM_AlearLord_Sword_Sheet_1
.word 0x1bfc
.word 0x860f0004
.word Anim_BANIM_AlearLord_Sword_Sheet_1
.word 0x6cc
.word 0x86100003
.word Anim_BANIM_AlearLord_Sword_Sheet_1
.word 0x738
.word 0x86110003
.word Anim_BANIM_AlearLord_Sword_Sheet_1
.word 0x798
.word 0x86120004
.word Anim_BANIM_AlearLord_Sword_Sheet_1
.word 0x7e0
.word 0x86130004
.word Anim_BANIM_AlearLord_Sword_Sheet_1
.word 0x84c
.word 0x86140001
.word Anim_BANIM_AlearLord_Sword_Sheet_1
.word 0x8c4
.word 0x85000001
.word 0x86150005
.word Anim_BANIM_AlearLord_Sword_Sheet_2
.word 0x948
.word 0x8616000a
.word Anim_BANIM_AlearLord_Sword_Sheet_0
.word 0x990
.word 0x86170003
.word Anim_BANIM_AlearLord_Sword_Sheet_2
.word 0xa2c
.word 0x86180002
.word Anim_BANIM_AlearLord_Sword_Sheet_2
.word 0xa74
.word 0x86190002
.word Anim_BANIM_AlearLord_Sword_Sheet_2
.word 0xabc
.word 0x861a0003
.word Anim_BANIM_AlearLord_Sword_Sheet_2
.word 0xaf8
.word 0x861b0003
.word Anim_BANIM_AlearLord_Sword_Sheet_2
.word 0xb34
.word 0x861c0003
.word Anim_BANIM_AlearLord_Sword_Sheet_2
.word 0xb7c
.word 0x861d0004
.word Anim_BANIM_AlearLord_Sword_Sheet_2
.word 0xbd0
.word 0x85000034
.word 0x861e0003
.word Anim_BANIM_AlearLord_Sword_Sheet_2
.word 0xc24
.word 0x861f0003
.word Anim_BANIM_AlearLord_Sword_Sheet_2
.word 0xc6c
.word 0x86000003
.word Anim_BANIM_AlearLord_Sword_Sheet_0
.word 0xc
.word 0x85000006
.word 0x8500000d
.word 0x80000000

.align 2, 0
Anim_BANIM_AlearLord_Sword_rtl:
.byte  0x10, 0x80, 0x1c, 0x0, 0x14, 0x1, 0x0, 0x0, 0x70, 0x1, 0x80, 0x0, 0x1, 0x0, 0xfc, 0x10, 0xff, 0xe8, 0xff, 0x20, 0xb, 0x40, 0x2, 0x0, 0xf4, 0x20, 0xff, 0xf0, 0x30, 0xb, 0x0, 0x3, 0x0, 0xec, 0xff, 0x42, 0xf8, 0x40, 0xb, 0x4, 0x0, 0xc, 0x0, 0x50, 0xb, 0x5, 0x21, 0x0, 0x14, 0x30, 0x41, 0x40, 0x0, 0x0, 0x6, 0x0, 0x3b, 0x5c, 0x8, 0x40, 0x4f, 0x8, 0x0, 0x23, 0x10, 0xb, 0xc0, 0x5f, 0x40, 0x9, 0xa6, 0x80, 0x5f, 0xa, 0x70, 0x5f, 0x40, 0xb, 0x0, 0x55, 0x50, 0x6b, 0xc, 0xad, 0x80, 0x6b, 0xd, 0x80, 0x6b, 0xe, 0x50, 0x6b, 0x0, 0xb3, 0xf, 0x80, 0x6b, 0x6a, 0x10, 0xf0, 0x6b, 0x20, 0xcb, 0x11, 0x80, 0xbf, 0x13, 0x70, 0xbf, 0x80, 0x6a, 0x14, 0x0, 0xc1, 0x50, 0xcb, 0x16, 0x80, 0x53, 0x17, 0x0, 0xfb, 0x10, 0x95, 0xf0, 0xb3, 0x80, 0x18, 0x80, 0xa7, 0x1a, 0x80, 0xa7, 0x1b, 0x81, 0x13, 0x6b, 0x1c, 0x51, 0x13, 0x1, 0x4f, 0x1d, 0x81, 0x13, 0x1e, 0x1, 0x43, 0x10, 0x53, 0xbb, 0x11, 0x66, 0x26, 0x1, 0x39, 0xe0, 0x5f, 0x1, 0x75, 0x43, 0x1, 0x5b, 0x21, 0x67, 0x8a, 0x1, 0x8b, 0x27, 0x0, 0xe4, 0x61, 0x67, 0x28, 0x80, 0x53, 0x2f, 0xb6, 0x81, 0x67, 0x3d, 0x40, 0x53, 0xd0, 0x47, 0x4c, 0x0, 0x3b, 0x51, 0xaf, 0x30, 0xdb, 0x51, 0x4f, 0x1, 0x97, 0x56, 0x1, 0xb1, 0x51, 0xa3, 0x5b, 0xf0, 0x3b, 0x21, 0xf7, 0x48, 0x5d, 0x70, 0x3b, 0x40, 0x3f, 0x81, 0xf7, 0x47, 0x0, 0xdc, 0xb5, 0x61, 0xf7, 0x53, 0x2, 0x1b, 0x50, 0xe3, 0x37, 0x80, 0x53, 0x76, 0x2, 0x1b, 0x86, 0xe1, 0x37, 0x40, 0x0, 0x80, 0x87, 0x0, 0x3b, 0x52, 0x3f, 0x70, 0xcd, 0x2, 0x57, 0x40, 0x8f, 0x40, 0x91, 0x0, 0x53, 0x52, 0x33, 0x7b, 0x2, 0x6f, 0xbb, 0x52, 0x3f, 0x80, 0x0, 0xfb, 0x22, 0x3f, 0x2, 0x85, 0x82, 0x2, 0x7b, 0x52, 0x4b, 0x63, 0x68, 0xf0, 0x5f, 0x22, 0xad, 0x95, 0x0, 0xd4, 0x32, 0xab, 0x2, 0xc3, 0x6c, 0x8b, 0x2, 0xab, 0x52, 0xb7, 0x99, 0x2, 0xb7, 0x41, 0x8b, 0x40, 0x9a, 0xb6, 0x80, 0x5f, 0xa0, 0x0, 0xcb, 0x50, 0x5f, 0x9c, 0x2, 0xcf, 0xf2, 0x9f, 0x0, 0x2b, 0x0, 0xab, 0x1, 0x7f, 0xe0, 0x42, 0xf3, 0xb0, 0x51, 0x4f, 0x2, 0xdd, 0x6d, 0xb1, 0x50, 0x6b, 0x3, 0x21, 0xb3, 0x3, 0xb, 0x50, 0xb, 0xb4, 0x53, 0x17, 0xb6, 0x3, 0x47, 0xbf, 0x50, 0x83, 0x3, 0xb, 0xc0, 0x0, 0x9b, 0x50, 0x83, 0xc2, 0xdb, 0x50, 0xef, 0x3, 0x5d, 0xc4, 0x3, 0x53, 0x50, 0x6b, 0xc5, 0x40, 0x83, 0x13, 0x82, 0x6d, 0xc6, 0xf1, 0xd3, 0x23, 0x77, 0xc7, 0x1, 0x7f, 0x50, 0x77, 0xc8, 0x51, 0x8b, 0xad, 0x3, 0x6d, 0xc9, 0x80, 0x83, 0xcc, 0x1, 0x7, 0x53, 0xa7, 0xcd, 0x82, 0x3, 0x6a, 0xce, 0x2, 0x4b, 0x50, 0xd7, 0xcf, 0x83, 0xbf, 0xda, 0x80, 0x77, 0xdb, 0xd7, 0x51, 0x13, 0x4, 0x7, 0xdc, 0x81, 0x73, 0xdd, 0x2, 0x87, 0xf3, 0xb, 0x14, 0x1f, 0xe5, 0x61, 0x73, 0x4, 0x1f, 0x61, 0x7, 0x40, 0x4, 0x82, 0x7b, 0x5, 0x4, 0x2b, 0xbb, 0x74, 0x13, 0xd4, 0x84, 0x13, 0x41, 0xd3, 0x4, 0x2b, 0x9, 0xf0, 0x5f, 0x22, 0x33, 0x5b, 0xb, 0x81, 0xd3, 0xf, 0x51, 0xd3, 0x4, 0x5d, 0x10, 0x51, 0x4f, 0x4, 0x97, 0x6d, 0x12, 0x53, 0x23, 0x4, 0x73, 0x13, 0x50, 0x5f, 0x4, 0x7f, 0x15, 0x81, 0x4f, 0x62, 0x17, 0xf2, 0x93, 0x24, 0xe1, 0x18, 0x0, 0xcc, 0x62, 0x33, 0x1c, 0x88, 0x81, 0xc7, 0x1d, 0x0, 0xc4, 0x61, 0xeb, 0x1e, 0x0, 0xb4, 0xad, 0x60, 0x6b, 0x26, 0x81, 0xdf, 0x27, 0x0, 0x23, 0x52, 0xdd, 0x28, 0x50, 0xd7, 0xbd, 0x5, 0x31, 0x2a, 0x42, 0xb7, 0xf0, 0x6b, 0xf0, 0x6b, 0x15, 0x29, 0x33, 0x0, 0x5f, 0xbb, 0x55, 0x57, 0x2f, 0x50, 0x77, 0x90, 0x6b, 0x5, 0x4b, 0x35, 0x0, 0x83, 0x55, 0x9a, 0xe4, 0xf0, 0x77, 0xf0, 0x77, 0x83, 0x77, 0x40, 0x4b, 0x70, 0x53, 0x80, 0x42, 0xb5, 0x82, 0xc3, 0x50, 0x70, 0xd7, 0x3, 0xbf, 0xc4, 0x65, 0xf, 0x55, 0x71, 0x5b, 0x36, 0x0, 0x3c, 0x53, 0x3b, 0x6, 0x9, 0x45, 0x1, 0x2b, 0x56, 0x1e, 0x47, 0xf1, 0x1, 0x1f, 0x51, 0xbb, 0x14, 0x2b, 0xf4, 0xc7, 0x0, 0x40, 0x67, 0x50, 0xd7, 0xb7, 0x3, 0xe3, 0x69, 0xf0, 0x83, 0x26, 0x47, 0x5f, 0xf0, 0x77, 0xb0, 0x77, 0x90, 0xfb, 0xe9, 0xf0, 0x83, 0xf0, 0x83, 0xc6, 0xbf, 0x6d, 0x73, 0xa7, 0x40, 0x6f, 0x5, 0x4b, 0xb4, 0x56, 0xcb, 0x73, 0x55, 0x63, 0x6, 0xe1, 0x74, 0x74, 0x1f, 0x0, 0x77, 0x97, 0x70, 0xe3, 0x40, 0x7c, 0x81, 0xd3, 0x7e, 0x54, 0x8b, 0x27, 0x16, 0xf4, 0xdf, 0xad, 0x17, 0x2b, 0x84, 0x84, 0x13, 0x81, 0x2, 0x57, 0x51, 0x73, 0x89, 0x85, 0x87, 0xfa, 0x14, 0x97, 0xf0, 0x6b, 0x80, 0x6b, 0xf1, 0x4f, 0x65, 0x3f, 0x97, 0x70, 0x53, 0x0, 0x53, 0x8c, 0x80, 0xbf, 0x90, 0x71, 0x2b, 0x40, 0xbb, 0x51, 0xa3, 0x5, 0x6f, 0xc5, 0x14, 0x73, 0xf2, 0xf, 0x0, 0x80, 0xd4, 0x84, 0x1f, 0x91, 0x2, 0xff, 0xed, 0x57, 0xc7, 0x60, 0x47, 0x7, 0xbd, 0xa6, 0x5, 0x4b, 0x55, 0x3, 0x92, 0x84, 0x37, 0x6d, 0x9f, 0x54, 0xa3, 0x7, 0xdf, 0xcb, 0x5, 0x6f, 0x56, 0xcb, 0x9b, 0xf4, 0x1f, 0xb5, 0x28, 0x5, 0xd0, 0x54, 0x8b, 0x8, 0x11, 0xd8, 0x80, 0x53, 0xa8, 0x81, 0x7f, 0x7f, 0xd2, 0x86, 0xe3, 0x61, 0x67, 0xb0, 0x8f, 0x5, 0xab, 0x42, 0x7b, 0xf0, 0x83, 0xf7, 0xa3, 0xab, 0xc0, 0x77, 0xda, 0x80, 0xcb, 0xdc, 0x81, 0xf7, 0xdd, 0x54, 0x97, 0x8, 0xe5, 0x7f, 0xde, 0xf0, 0x83, 0xe0, 0x83, 0x62, 0x1b, 0xc0, 0xfb, 0xf2, 0xf, 0x75, 0x1b, 0x53, 0x77, 0x57, 0x2, 0x87, 0xc7, 0x4, 0x82, 0x6f, 0x5, 0x80, 0x53, 0x15, 0x1b, 0xf8, 0x6f, 0xda, 0x10, 0x9b, 0x79, 0x77, 0xdf, 0x56, 0x47, 0x9, 0x5f, 0xe0, 0x75, 0xff, 0x0, 0x5a, 0xe6, 0x84, 0x2b, 0xf0, 0x57, 0x4f, 0x9, 0xcb, 0xeb, 0x85, 0x7b, 0xf2, 0xab, 0x85, 0x1b, 0xfb, 0x82, 0xcf, 0xf4, 0x81, 0xc7, 0x17, 0x7, 0xdf, 0x70, 0xb, 0xda, 0x35, 0xf3, 0x1a, 0x12, 0xfd, 0xf7, 0xd3, 0x2a, 0x1f, 0x8, 0x86, 0x6b, 0xa, 0xed, 0x72, 0x4b, 0x5, 0xb7, 0x78, 0xb7, 0xd, 0x56, 0xe3, 0xa, 0x13, 0xe, 0xf1, 0xaf, 0xbf, 0x2a, 0x67, 0x10, 0x78, 0x1b, 0x5, 0xcf, 0x75, 0xdb, 0x89, 0xa7, 0xa, 0x59, 0x70, 0x47, 0x7d, 0x15, 0x40, 0xa7, 0xd9, 0x3b, 0x10, 0xbf, 0x79, 0x8f, 0x78, 0x4b, 0x1c, 0x80, 0xcb, 0x6a, 0x1e, 0xf9, 0xd7, 0x2a, 0xeb, 0x25, 0x86, 0xbf, 0x1f, 0x89, 0x3b, 0x27, 0xda, 0x58, 0xe7, 0x8, 0xab, 0x5b, 0xf8, 0x27, 0x2b, 0x27, 0x2e, 0x87, 0xeb, 0x35, 0xa9, 0x89, 0x77, 0x44, 0x8b, 0x27, 0x4a, 0x79, 0x77, 0x40, 0x7b, 0xf6, 0x23, 0xae, 0x2b, 0x6f, 0x54, 0x88, 0xb7, 0x4d, 0x84, 0xa3, 0x19, 0xb3, 0x5b, 0x6f, 0x67, 0xf6, 0xb, 0x6f, 0x5b, 0x63, 0x15, 0x9f, 0x5b, 0x63, 0x3e, 0xb, 0x89, 0xfb, 0x63, 0x0, 0x35, 0x80, 0x80, 0x5b, 0xc3, 0xb, 0x95, 0x82, 0x84, 0xf7, 0x84, 0x88, 0x7b, 0x6b, 0x88, 0x50, 0x53, 0xb, 0xff, 0x89, 0x83, 0xe3, 0x8a, 0x4b, 0xc3, 0xdb, 0xb7, 0x6d, 0x8c, 0xb, 0xf5, 0x4c, 0x17, 0x80, 0x14, 0x7f, 0x5b, 0xb7, 0x92, 0xc, 0xb, 0xb7, 0x5a, 0xbb, 0x93, 0x40, 0x8f, 0x1c, 0x52, 0x96, 0xc, 0x17, 0xfb, 0xff, 0x14, 0xd3, 0xb5, 0x6c, 0x5f, 0x0, 0x69, 0xa7, 0xc, 0x75, 0x9a, 0x8b, 0x3f, 0x9b, 0x83, 0xa7, 0x7a, 0x9c, 0x7c, 0x5f, 0x9, 0x47, 0x3a, 0x13, 0xdc, 0xb3, 0x9d, 0x8c, 0x47, 0x9f, 0xd5, 0x5c, 0x47, 0xc, 0xd7, 0xa5, 0x8c, 0xb3, 0xa6, 0x8b, 0x9f, 0xa7, 0x4c, 0x9b, 0xb6, 0x1c, 0xb3, 0xa9, 0xfb, 0xf3, 0x2c, 0xcd, 0xae, 0x5c, 0xfb, 0xc, 0xd9, 0xc7, 0xaf, 0x89, 0xb3, 0xab, 0x8c, 0xa7, 0xb3, 0x5b, 0x57, 0xf0, 0x6b, 0xf0, 0x6b, 0xd, 0x1f, 0x6a, 0xc9, 0xfc, 0x5f, 0x2d, 0x39, 0xd4, 0x80, 0x6b, 0xd9, 0x8a, 0x1f, 0xb6, 0xbe, 0x8d, 0x13, 0xbb, 0x5b, 0xc3, 0x29, 0xe3, 0x7d, 0x7f, 0x14, 0xdf, 0x5d, 0x73, 0xe2, 0xda, 0xfd, 0x73, 0x2d, 0x97, 0xe3, 0x5d, 0xc7, 0xd, 0xa3, 0xe5, 0x87, 0x67, 0xe9, 0xab, 0x83, 0xa7, 0xee, 0x8b, 0x6f, 0xeb, 0x81, 0x43, 0xf3, 0x8d, 0x2b, 0xf0, 0x83, 0xb7, 0x3e, 0x3c, 0xf6, 0x5a, 0x67, 0xe, 0x4b, 0xfb, 0x59, 0xfb, 0xf0, 0x8f, 0x6b, 0x63, 0x6a, 0x0, 0x57, 0x97, 0xc, 0x23, 0x1, 0x87, 0x97, 0x5, 0x7d, 0x43, 0x40, 0x57, 0x6, 0x8b, 0x27, 0x8, 0x81, 0x67, 0x9, 0xfe, 0x57, 0x6e, 0x4b, 0x52, 0x9f, 0x7e, 0xb, 0x5c, 0x6b, 0xb0, 0x53, 0x24, 0x97, 0x5e, 0x9f, 0xf0, 0x47, 0x3e, 0xf3, 0xe, 0xed, 0x82, 0xe7, 0x1a, 0x7f, 0x5e, 0xff, 0x11, 0x5e, 0xf3, 0xe, 0xe7, 0x12, 0xf3, 0x77, 0x8b, 0x4e, 0x57, 0xec, 0xff, 0xd8, 0x40, 0xd7, 0x16, 0xf, 0x47, 0x2c, 0x47, 0xb3, 0xf, 0x5f, 0x1a, 0xe, 0x1d, 0x4c, 0x53, 0x40, 0x1b, 0x78, 0x93, 0xe, 0x33, 0xba, 0x75, 0x3, 0x1d, 0x5d, 0x1f, 0x2a, 0x7f, 0x7f, 0x6b, 0x29, 0x8e, 0xab, 0x2d, 0xb1, 0x87, 0xa3, 0x32, 0x5f, 0x77, 0xf, 0xb1, 0x33, 0x0, 0x24, 0x69, 0xfb, 0x6d, 0x40, 0x5c, 0xe3, 0xf, 0x8f, 0x44, 0x53, 0x8f, 0xf, 0xd5, 0x3a, 0xe, 0xa1, 0xb6, 0x5b, 0x7b, 0x46, 0x55, 0xe7, 0x2e, 0x1b, 0xc, 0xfe, 0x93, 0xf, 0x3b, 0x58, 0xac, 0xf, 0xef, 0xd0, 0x4f, 0xa7, 0x48, 0xf, 0xd7, 0x40, 0xb, 0x0, 0x51, 0xed, 0xe, 0x9f, 0x20, 0xe3, 0xf, 0xfe, 0x5c, 0xf, 0xb3, 0x50, 0xb, 0x5e, 0x71, 0xd3, 0x3d, 0x0, 0x60, 0x73, 0x3b, 0x9, 0xef, 0xf3, 0xb3, 0x1f, 0x9b, 0x62, 0xf, 0xe3, 0x5d, 0xc8, 0x4f, 0xfb, 0x64, 0xe, 0xf3, 0x20, 0x6b, 0xf, 0x31, 0x65, 0x50, 0x6b, 0xb9, 0xf, 0x3b, 0x72, 0x5d, 0x67, 0x4e, 0x63, 0xff, 0xe3, 0x0, 0x80, 0x19, 0xa7, 0xdb, 0x20, 0x47, 0xf, 0x6d, 0x80, 0xf, 0xef, 0x50, 0xa7, 0x67, 0xf, 0xe3, 0x50, 0xb3, 0x7e, 0x69, 0xf, 0xbf, 0x2d, 0xd3, 0x24, 0xdf, 0x70, 0xa7, 0x19, 0x53, 0xfe, 0x3, 0x0, 0x37, 0x80, 0x8e, 0x50, 0x53, 0xf, 0xef, 0x7a, 0xf, 0xfb, 0x20, 0xa7, 0xf, 0xcb, 0x6b, 0x90, 0x51, 0x7, 0xf, 0xfe, 0x6d, 0x8d, 0xeb, 0x92, 0xfe, 0x4b, 0x2f, 0xfd, 0x6d, 0x94, 0xf, 0x3b, 0x50, 0xe3, 0x7c, 0x50, 0xef, 0xf, 0xbf, 0x96, 0x50, 0x53, 0xfd, 0xf, 0xe3, 0x19, 0x47, 0x22, 0x33, 0xf, 0xef, 0x14, 0xc7, 0x51, 0x5b, 0xa5, 0xf, 0x77, 0xbd, 0x50, 0xb3, 0xa6, 0x7c, 0x3b, 0x4, 0xaf, 0xfe, 0xb7, 0x1f, 0xe3, 0xaa, 0xf, 0xd7, 0x64, 0xc0, 0x4f, 0x55, 0x80, 0x77, 0x0, 0xac, 0x71, 0x67, 0x0, 0xad, 0xdf, 0x52, 0x9f, 0xf, 0xff, 0xb0, 0xf0, 0x83, 0xf0, 0x83, 0xf0, 0x83, 0xf0, 0x83, 0x8f, 0xf1, 0x6d, 0xb1, 0xf, 0xa7, 0x50, 0x83, 0xb6, 0x50, 0xfb, 0xf, 0xf1, 0xc0, 0xf, 0xef, 0xfe, 0x50, 0xe3, 0x1f, 0x3b, 0x52, 0x4b, 0x1e, 0xff, 0x5f, 0x6b, 0x1e, 0xff, 0x53, 0x2f, 0xc7, 0xfd, 0x5b, 0xb7, 0xf0, 0xef, 0x66, 0x8f, 0x1e, 0x87, 0x20, 0xef, 0xf, 0xd7, 0x1, 0xf, 0xb3, 0x9b, 0x40, 0xfb, 0x0, 0x3, 0x51, 0x7, 0xe, 0xab, 0x4, 0xd, 0xd3, 0x52, 0x63, 0x4a, 0x6, 0x70, 0x8f, 0x0, 0x7, 0x81, 0xdf, 0x8, 0x71, 0x7f, 0x40, 0x6d, 0x9, 0xf, 0xe3, 0x53, 0xa7, 0xa, 0xe, 0xf, 0x5e, 0xdb, 0xb, 0x7f, 0x83, 0x2d, 0x40, 0xc, 0x8f, 0xfb, 0xd, 0x5b, 0xf3, 0x28, 0xe7, 0xac, 0x6f, 0x5f, 0x16, 0x10, 0x0, 0xbc, 0x6e, 0xab, 0x11, 0x5e, 0xab, 0xf, 0xff, 0x12, 0xee, 0x5d, 0xd3, 0x2e, 0xb7, 0x7a, 0x5b, 0x15, 0x8e, 0x4b, 0x1e, 0xb7, 0x5f, 0x9b, 0x18, 0xf6, 0xf8, 0xf3, 0xf0, 0xfb, 0xf0, 0xfb, 0x2f, 0xa7, 0x19, 0xf0, 0xfb, 0xd0, 0xfb, 0x80, 0x77, 0x1b, 0xe, 0xe7, 0x53, 0xe3, 0x91, 0x7, 0x1d, 0x0, 0xcb, 0x54, 0xaf, 0x91, 0x13, 0x77, 0x1e, 0xf1, 0x13, 0xb1, 0x13, 0xf, 0xf1, 0x21, 0x8e, 0xdb, 0x61, 0x1f, 0x91, 0x7, 0xbd, 0xf, 0xfb, 0x2e, 0xf1, 0x7, 0xf1, 0x7, 0xf1, 0x7, 0xee, 0x6f, 0xc8, 0x88, 0xe7, 0x75, 0xca, 0x59, 0xb3, 0x27, 0x4f, 0x7a, 0x43, 0xd0, 0x87, 0x2b, 0xd8, 0x88, 0x4b, 0x7b, 0xf9, 0xf8, 0x4b, 0x4a, 0x7, 0x44, 0xd3, 0xf, 0xfb, 0x23, 0x9, 0x77, 0x55, 0xb7, 0xd6, 0x1a, 0x13, 0x5e, 0x57, 0x32, 0x88, 0xff, 0x33, 0xa, 0xa5, 0x5f, 0xcb, 0x34, 0xab, 0x8a, 0xbb, 0x35, 0x89, 0xbf, 0x36, 0x89, 0xbf, 0x4d, 0xf9, 0x5f, 0x2f, 0xfb, 0x7e, 0x38, 0x80, 0x77, 0xf0, 0x6b, 0xf0, 0x5f, 0xf0, 0x5f, 0xb0, 0x5f, 0x1f, 0xf1, 0x4f, 0xdf, 0xf9, 0x83, 0x2f, 0x17, 0x50, 0xf0, 0x6b, 0xf0, 0x6b, 0xf0, 0xcb, 0xf0, 0xcb, 0xf0, 0x6b, 0xaf, 0xea, 0x37, 0x57, 0x81, 0x4f, 0x61, 0xf1, 0x43, 0xf1, 0x37, 0xf1, 0x37, 0xf0, 0xd7, 0xf3, 0xfa, 0x5b, 0xb2, 0xf, 0x2d, 0xeb, 0x62, 0xf, 0x0, 0xd9, 0x5b, 0x4b, 0xf, 0xfe, 0x5d, 0xdb, 0x89, 0xb3, 0xe2, 0x8f, 0x9b, 0x19, 0x23, 0x5f, 0xde, 0xe4, 0x8a, 0x8b, 0x66, 0xe7, 0x5b, 0x7b, 0xb2, 0x3f, 0x0, 0xec, 0x5b, 0x87, 0xf, 0xbf, 0xf1, 0xd2, 0xfb, 0x87, 0x2c, 0xd7, 0x62, 0x7b, 0x33, 0x40, 0x6d, 0x88, 0x93, 0x6e, 0xad, 0x8a, 0xf7, 0x6f, 0x89, 0xcb, 0x74, 0x5a, 0xeb, 0xf, 0xff, 0x75, 0x80, 0x5f, 0x6e, 0x84, 0xfb, 0xe7, 0x2d, 0x37, 0x76, 0x82, 0x93, 0x16, 0xfb, 0x5d, 0x4f, 0x86, 0xab, 0x8b, 0x3, 0x88, 0x8a, 0x1f, 0x89, 0x82, 0x1b, 0x8a, 0xfa, 0x2b, 0x2f, 0xe5, 0x55, 0x8b, 0x8b, 0xdb, 0x91, 0x8a, 0xeb, 0x95, 0x8a, 0x73, 0x99, 0x5d, 0x67, 0xad, 0xf, 0xff, 0x9a, 0x8c, 0x8f, 0x9b, 0xfa, 0x7f, 0x29, 0xe3, 0x9c, 0x55, 0xe7, 0xad, 0xf, 0xfe, 0xa3, 0x85, 0xdb, 0xa4, 0xc, 0xd7, 0x5d, 0x43, 0xa7, 0x8e, 0xf3, 0x56, 0xa5, 0x8b, 0x63, 0xa9, 0x8a, 0xf7, 0xaa, 0x5d, 0x97, 0xf, 0xd7, 0xae, 0xaf, 0x8b, 0x3, 0xaf, 0x81, 0xbb, 0xb2, 0x82, 0xff, 0xf0, 0x8f, 0x5b, 0xb7, 0x7c, 0x83, 0x5b, 0xb4, 0x80, 0x53, 0xb8, 0xe, 0x71, 0x5c, 0x9b, 0xba, 0xe, 0x7d, 0x9a, 0xf7, 0xae, 0x5f, 0x8f, 0xc3, 0x8b, 0x87, 0xc4, 0x8a, 0x13, 0x1c, 0x23, 0x5f, 0x6b, 0xcb, 0xd7, 0xfb, 0x87, 0x2f, 0xf1, 0xdc, 0x8d, 0x97, 0xde, 0x80, 0xcb, 0x14, 0xa3, 0x5f, 0xef, 0x57, 0xd2, 0x82, 0x6f, 0xd5, 0x8d, 0x1f, 0xd7, 0x8d, 0xf7, 0x61, 0xd3, 0xf, 0x83, 0x56, 0xd9, 0x83, 0xef, 0xe1, 0x8d, 0x7f, 0xe2, 0xe, 0x7b, 0x5f, 0xe3, 0xe5, 0xfb, 0x4d, 0x8b, 0x52, 0xcf, 0xff, 0xd7, 0x1f, 0xcd, 0x7e, 0x87, 0x2, 0x7d, 0xeb, 0x7, 0x4f, 0xa5, 0x7f, 0x8f, 0x4, 0x7b, 0x3, 0x40, 0x5, 0x82, 0xff, 0x9, 0xff, 0x5f, 0xed, 0x2b, 0xdb, 0x1b, 0x87, 0x58, 0xb7, 0xf, 0xf, 0x91, 0x5f, 0x6b, 0x10, 0x8b, 0x57, 0x95, 0x80, 0x5f, 0x80, 0x11, 0x81, 0xdf, 0x13, 0x8e, 0xf, 0x14, 0xfc, 0xd7, 0xa9, 0x2f, 0xbf, 0x15, 0x85, 0x93, 0x17, 0x7e, 0x93, 0x80, 0x18, 0x85, 0x93, 0x55, 0x1a, 0x8f, 0x8f, 0x1b, 0x8b, 0xc3, 0x1c, 0x85, 0x27, 0x1e, 0xfd, 0x37, 0xeb, 0xf0, 0x5f, 0x8c, 0xb, 0x90, 0x53, 0x1f, 0x8d, 0x8b, 0x25, 0x84, 0x1f, 0xf0, 0x5f, 0xba, 0x3f, 0xf8, 0x26, 0x4b, 0x87, 0xce, 0x6f, 0x0, 0xb3, 0xcc, 0x69, 0xe3, 0x1c, 0xad, 0x87, 0x4f, 0x33, 0x87, 0x4f, 0x2f, 0x8, 0xcf, 0x5f, 0x77, 0x26, 0x5e, 0xdb, 0xb6, 0xf, 0xb3, 0x35, 0x58, 0x57, 0xf, 0xff, 0x27, 0x8, 0xf3, 0x5e, 0xc3, 0x28, 0xb1, 0x88, 0x57, 0x2a, 0xd, 0xa3, 0xfa, 0xa3, 0x0, 0x40, 0x67, 0x57, 0xaf, 0xa6, 0xf, 0x5f, 0x69, 0x70, 0x5f, 0x80, 0x42, 0xd, 0xd3, 0x5e, 0xe7, 0x5f, 0xdb, 0x9, 0x47, 0x51, 0xa3, 0x55, 0xc, 0x83, 0x5f, 0xb3, 0x3c, 0x8e, 0x4b, 0x60, 0x83, 0xb6, 0xf, 0xd7, 0x45, 0x58, 0xdb, 0xf, 0xff, 0x47, 0x9, 0x83, 0x5f, 0x6b, 0x5d, 0xc0, 0x4c, 0x77, 0x9f, 0xbf, 0x0, 0x0, 0x0

.align 2, 0
Anim_BANIM_AlearLord_Sword_Sheet_0:
.byte  0x10, 0x0, 0x20, 0x0, 0x30, 0x0, 0x0, 0xf0, 0x1, 0x30, 0x13, 0x80, 0x11, 0x0, 0x0, 0x34, 0x58, 0x77, 0xf0, 0x1f, 0x30, 0x31, 0x44, 0x0, 0x38, 0xc6, 0x4, 0xe0, 0xf0, 0x3d, 0xd0, 0x44, 0x0, 0x5f, 0x48, 0x0, 0x0, 0x40, 0xd8, 0xaa, 0x0, 0x3, 0xcc, 0x0, 0x6b, 0x84, 0xd0, 0x6f, 0x8, 0x40, 0x3, 0x8d, 0xa0, 0x40, 0xb, 0x88, 0x0, 0x90, 0xcc, 0x98, 0x9, 0x0, 0x4d, 0x3, 0xf9, 0x9, 0x0, 0x94, 0xef, 0x9, 0xf0, 0x9e, 0x40, 0x33, 0x50, 0x85, 0x0, 0xb8, 0x46, 0x0, 0xbc, 0x81, 0x48, 0x55, 0x8, 0x20, 0x8, 0x58, 0x0, 0xd, 0x58, 0x84, 0x0, 0x80, 0xc4, 0x0, 0x8c, 0x88, 0x88, 0x77, 0x86, 0x88, 0x88, 0x55, 0xc, 0x84, 0x88, 0x88, 0x44, 0x0, 0x3, 0x0, 0x1, 0x48, 0x84, 0x40, 0x0, 0x10, 0x3, 0x0, 0x48, 0x6c, 0x8, 0x0, 0xc8, 0x4d, 0x46, 0x0, 0x17, 0x54, 0x45, 0x20, 0x17, 0x50, 0x4, 0x61, 0x0, 0x80, 0x5e, 0x58, 0x40, 0x3, 0x88, 0x50, 0x3, 0x50, 0x21, 0xf1, 0x1c, 0xb1, 0x2e, 0x18, 0x7d, 0x41, 0xf1, 0x1, 0xf0, 0xff, 0x60, 0xe3, 0x50, 0xe7, 0x10, 0xeb, 0xdc, 0x0, 0xf8, 0x3b, 0x17, 0x8c, 0xa1, 0x40, 0x11, 0x2b, 0x11, 0x2f, 0x40, 0xf1, 0x93, 0x31, 0x17, 0x40, 0xcd, 0x20, 0x9b, 0x0, 0x0, 0x99, 0x9, 0x8, 0x0, 0x7a, 0xe8, 0x1, 0x1a, 0xf1, 0x1e, 0x31, 0xcd, 0x11, 0x96, 0x47, 0x1, 0xd8, 0x78, 0x8c, 0x1, 0x9f, 0x80, 0x81, 0x54, 0x1, 0x1, 0x0, 0x3, 0x80, 0xcc, 0x4, 0x8c, 0x0, 0x80, 0x77, 0x86, 0x10, 0xb, 0x88, 0x48, 0xc5, 0x11, 0x20, 0x31, 0x6, 0x80, 0x88, 0x86, 0x41, 0x75, 0x80, 0x61, 0x8b, 0xf0, 0x11, 0x83, 0x51, 0xb, 0x90, 0xed, 0x2, 0x13, 0x75, 0x0, 0x0, 0x28, 0x81, 0x2, 0x17, 0x21, 0xd3, 0x0, 0x0, 0x14, 0x8b, 0x1, 0xce, 0x64, 0x17, 0x52, 0x3f, 0x11, 0x9, 0x67, 0x8c, 0x1, 0xbb, 0xc5, 0x8, 0x29, 0x0, 0xc3, 0x0, 0xdc, 0xd3, 0x0, 0xe0, 0xdb, 0xc1, 0x11, 0xd5, 0xf0, 0xf2, 0x61, 0x90, 0xd6, 0x11, 0xff, 0x11, 0xa9, 0xc4, 0xcc, 0xdd, 0x8, 0x4, 0xc8, 0xdd, 0x8c, 0x88, 0x86, 0x1, 0x84, 0x76, 0x86, 0x0, 0x88, 0x0, 0x68, 0x67, 0xc5, 0x98, 0x81, 0x58, 0xeb, 0x0, 0xb3, 0x42, 0x23, 0x92, 0xa7, 0x99, 0x2, 0xb4, 0x9f, 0x40, 0x3, 0xf2, 0x4f, 0xe7, 0x2, 0x17, 0x11, 0xcb, 0x12, 0x1c, 0x88, 0x45, 0x21, 0xcb, 0xf2, 0xe3, 0xe2, 0xea, 0x40, 0x44, 0x2, 0xea, 0xc6, 0x80, 0x12, 0xc1, 0x5c, 0x10, 0x0, 0x32, 0x3d, 0xcc, 0x40, 0xb1, 0x38, 0xcd, 0x40, 0x1, 0x78, 0xb1, 0x1d, 0x0, 0x78, 0x77, 0x23, 0x92, 0xa7, 0xe0, 0x10, 0x8c, 0x21, 0xbf, 0x2, 0xb4, 0xdc, 0x8c, 0x8, 0x0, 0xc1, 0x3b, 0x4c, 0x8c, 0x20, 0x9f, 0xf3, 0x43, 0x12, 0xc8, 0x88, 0x10, 0xcf, 0xf3, 0x5e, 0x8b, 0x53, 0x17, 0x80, 0x88, 0x48, 0x1, 0x93, 0xcd, 0xe2, 0xd7, 0x2, 0x84, 0x20, 0x77, 0x53, 0x0, 0x3, 0x63, 0x8, 0x0, 0x38, 0x67, 0xdf, 0xd0, 0xf9, 0x71, 0xdf, 0x58, 0x11, 0xdb, 0x32, 0xa0, 0xf2, 0xa6, 0xa0, 0x86, 0xf2, 0xc6, 0x81, 0xb3, 0xe6, 0x21, 0xc2, 0x0, 0x10, 0x3c, 0xd2, 0x0, 0x3, 0x0, 0x8a, 0x0, 0x0, 0xb9, 0x17, 0x0, 0x80, 0xa9, 0x0, 0x77, 0x8, 0xc8, 0x8d, 0x7a, 0x84, 0x44, 0x6c, 0x2, 0x61, 0x85, 0x76, 0x33, 0xc2, 0x5c, 0x1, 0xd3, 0xc2, 0xa0, 0x1, 0xd7, 0xd2, 0x1, 0xdb, 0xd7, 0xc1, 0x8, 0x0, 0x3b, 0x80, 0x0, 0x8, 0x39, 0x18, 0x8d, 0x0, 0x67, 0x82, 0xc5, 0x8, 0x8, 0x2d, 0x45, 0x86, 0x3, 0xb6, 0x80, 0x88, 0x44, 0x0, 0x88, 0x68, 0x47, 0xdd, 0x6c, 0x77, 0x56, 0x48, 0x0, 0x4d, 0x45, 0x88, 0xd8, 0x8c, 0x18, 0x22, 0x88, 0x0, 0x18, 0x32, 0x22, 0x80, 0x32, 0x13, 0x82, 0x38, 0x1c, 0x83, 0x21, 0x51, 0x82, 0xd7, 0xf4, 0x6a, 0x4, 0x7c, 0xee, 0x4f, 0x40, 0x8, 0x1, 0xab, 0x85, 0x0, 0x85, 0x68, 0x65, 0x8, 0x0, 0x85, 0x80, 0x57, 0x4, 0x85, 0x0, 0x78, 0x85, 0xa, 0x61, 0x8, 0x80, 0x56, 0x3, 0x97, 0x68, 0x3, 0x9b, 0x80, 0x4e, 0x68, 0x4, 0x20, 0x80, 0x45, 0x10, 0xf0, 0x10, 0x8, 0x14, 0x70, 0x88, 0x9f, 0x4, 0x33, 0x80, 0x8, 0x53, 0x9c, 0xf3, 0xa5, 0xf4, 0xd1, 0xf4, 0xe3, 0x24, 0x66, 0x6e, 0xc8, 0x90, 0x97, 0x93, 0xa3, 0x87, 0x4, 0x94, 0x3, 0x29, 0x23, 0x6b, 0x80, 0x0, 0x75, 0x67, 0x4c, 0x18, 0x22, 0xcc, 0xc5, 0xc1, 0x0, 0x23, 0x2d, 0xcc, 0xc1, 0xa3, 0x28, 0xcd, 0x94, 0x0, 0x7b, 0x71, 0x1d, 0x90, 0x7a, 0xb7, 0x23, 0xd0, 0x1, 0xa8, 0x97, 0x83, 0xd0, 0x8c, 0x58, 0x62, 0x43, 0xaf, 0x40, 0x48, 0x4, 0x69, 0x86, 0xdd, 0x8c, 0x64, 0x56, 0x88, 0x0, 0xdc, 0x54, 0x48, 0x84, 0xcd, 0x88, 0x28, 0x80, 0x0, 0x88, 0x80, 0x12, 0x0, 0x80, 0x28, 0x41, 0x62, 0xa0, 0x1, 0xa8, 0x45, 0x4, 0x72, 0x58, 0x84, 0xc8, 0xcc, 0x8c, 0x0, 0x67, 0x88, 0xdc, 0x8c, 0x74, 0x86, 0xc8, 0xcd, 0x0, 0x68, 0x57, 0x8c, 0x8c, 0x88, 0xc5, 0xcc, 0xcc, 0x34, 0x84, 0xc8, 0xd3, 0x20, 0xe1, 0x2b, 0x9f, 0x4, 0xe4, 0x59, 0x64, 0x0, 0x4, 0x0, 0x88, 0x56, 0x47, 0x0, 0x61, 0x68, 0x0, 0x75, 0x4, 0x12, 0x87, 0x64, 0x47, 0x12, 0x71, 0x0, 0x48, 0x76, 0x22, 0x61, 0x87, 0x48, 0x88, 0x81, 0x1f, 0x82, 0x0, 0x80, 0x5, 0x5d, 0x31, 0x17, 0xf1, 0x62, 0xf5, 0xdb, 0xb5, 0x77, 0xf2, 0xf5, 0xfb, 0xf3, 0x9c, 0x6, 0x7, 0x6, 0x3, 0xd0, 0xa8, 0x32, 0xfe, 0x8, 0x91, 0x1, 0x33, 0x84, 0x68, 0x5, 0xd2, 0x68, 0x0, 0x48, 0x5, 0x4c, 0x0, 0x64, 0x85, 0x58, 0x37, 0x12, 0x8c, 0x4, 0x3b, 0x0, 0x18, 0x67, 0x85, 0xc8, 0x62, 0x86, 0x58, 0x7d, 0x0, 0xc7, 0x48, 0x45, 0x77, 0x56, 0x58, 0x76, 0x56, 0x0, 0xc4, 0xcc, 0x58, 0x48, 0xd5, 0x6c, 0x85, 0x81, 0x38, 0x76, 0xcd, 0x16, 0x26, 0xa1, 0x67, 0xd6, 0x6f, 0x14, 0x81, 0xdc, 0x0, 0xe8, 0x4c, 0x81, 0x98, 0xfe, 0xcc, 0x14, 0x91, 0x0, 0x99, 0xb7, 0x18, 0x12, 0x65, 0x55, 0x84, 0x21, 0x0, 0x51, 0x77, 0x86, 0x21, 0x12, 0xfe, 0xaf, 0x18, 0x2, 0x12, 0xa8, 0xee, 0x18, 0x22, 0x6f, 0x6, 0x31, 0x69, 0x40, 0x75, 0x2, 0x23, 0x56, 0x46, 0x8, 0x86, 0x88, 0x65, 0x0, 0x87, 0x66, 0x8, 0x88, 0x65, 0x75, 0x87, 0x0, 0x1, 0x88, 0x61, 0x77, 0x8, 0x0, 0x61, 0x76, 0x26, 0x31, 0xf8, 0xf3, 0x24, 0xf6, 0xd4, 0x74, 0x1b, 0x34, 0x16, 0x74, 0xdc, 0x8d, 0xba, 0x83, 0x0, 0x0, 0xc0, 0x88, 0x2c, 0x80, 0x80, 0xdc, 0x77, 0x0, 0x40, 0x88, 0x76, 0x67, 0x80, 0x84, 0x66, 0x45, 0x6, 0x64, 0x44, 0x88, 0x54, 0x56, 0x4, 0x82, 0x11, 0xfe, 0x71, 0x0, 0x56, 0x48, 0xdc, 0x66, 0x88, 0x45, 0x88, 0x8c, 0x0, 0x54, 0x84, 0x76, 0x85, 0x65, 0x67, 0x88, 0xcc, 0x0, 0x8c, 0x65, 0x67, 0xcd, 0x56, 0x88, 0x76, 0xd7, 0x0, 0x4c, 0x44, 0x88, 0x46, 0xcc, 0xcc, 0x14, 0xdd, 0xd2, 0x4, 0x7, 0x16, 0x37, 0x56, 0x6, 0x2d, 0x75, 0x77, 0x0, 0x5, 0x58, 0x0, 0x98, 0x69, 0x56, 0x8c, 0xf9, 0x79, 0xc5, 0xcc, 0x5, 0xf8, 0x69, 0xc8, 0x8d, 0xfe, 0x6, 0xa2, 0x88, 0x5, 0x15, 0x6a, 0x80, 0xf3, 0xc8, 0x47, 0x78, 0x87, 0x5, 0x7e, 0x65, 0x7, 0x15, 0x58, 0x80, 0x0, 0xcb, 0x83, 0x58, 0x86, 0x0, 0x72, 0x88, 0x68, 0x7, 0x84, 0x67, 0x8, 0x80, 0x68, 0x5, 0x95, 0x40, 0x34, 0xf6, 0x86, 0xe8, 0xc4, 0x66, 0xf7, 0xc2, 0xf5, 0x64, 0x0, 0x10, 0xa7, 0x4d, 0xc4, 0x88, 0xc0, 0x27, 0x80, 0x16, 0xd9, 0x23, 0x22, 0x81, 0x8, 0x32, 0x81, 0x1, 0x8, 0x8, 0x45, 0x78, 0x46, 0x77, 0x55, 0x0, 0xdb, 0x0, 0x54, 0x88, 0xc8, 0x54, 0x81, 0x15, 0xc8, 0x4c, 0x0, 0x68, 0x15, 0x41, 0xc4, 0x65, 0x11, 0x81, 0xd6, 0x0, 0x67, 0x11, 0x81, 0x6c, 0x57, 0x11, 0x81, 0x44, 0x40, 0x67, 0x2, 0xb3, 0x56, 0x56, 0x88, 0xcc, 0x45, 0x85, 0x0, 0x48, 0xc8, 0xcd, 0x8c, 0x65, 0xc4, 0x76, 0x8c, 0x0, 0x54, 0x46, 0x77, 0xc6, 0x88, 0x46, 0x67, 0x45, 0x0, 0x18, 0xc8, 0x44, 0xcc, 0x14, 0x88, 0x88, 0x18, 0x0, 0x23, 0x78, 0x0, 0x38, 0x12, 0x75, 0x80, 0x23, 0x0, 0x81, 0x77, 0x88, 0x28, 0x51, 0x77, 0x8, 0x88, 0x0, 0x78, 0x77, 0x0, 0x8, 0x78, 0x67, 0x0, 0x80, 0x3, 0x72, 0x57, 0x0, 0x80, 0x73, 0x87, 0xf6, 0x37, 0x56, 0x37, 0xd0, 0x32, 0x57, 0xf6, 0x37, 0x88, 0x6, 0x37, 0xcd, 0x88, 0x37, 0x12, 0x38, 0xcc, 0xc4, 0x12, 0x57, 0xf8, 0x9f, 0x27, 0x9e, 0xcc, 0xc8, 0xcc, 0x7, 0xdd, 0xcd, 0xc4, 0xdd, 0xcc, 0xe7, 0xa2, 0x25, 0xa7, 0x17, 0xcb, 0xe8, 0x8, 0x79, 0xf5, 0x3d, 0x28, 0xed, 0x48, 0x7, 0xe0, 0x64, 0x0, 0xc8, 0x4d, 0xdc, 0x7, 0xf, 0xc8, 0x8, 0x23, 0xef, 0x9, 0x4, 0x65, 0x26, 0x33, 0xc0, 0x86, 0x38, 0x45, 0x57, 0xd8, 0x13, 0xcd, 0x31, 0x84, 0x75, 0x0, 0x76, 0x67, 0x84, 0x76, 0x65, 0x57, 0x88, 0x58, 0x0, 0x54, 0x45, 0x18, 0x84, 0x58, 0xc6, 0x16, 0x41, 0x0, 0x6c, 0x67, 0x16, 0x11, 0x48, 0x76, 0x16, 0x11, 0x0, 0x88, 0x44, 0x0, 0x28, 0x12, 0x68, 0x80, 0x33, 0x0, 0x21, 0x75, 0x38, 0x12, 0x82, 0x67, 0x28, 0x81, 0x0, 0x51, 0x87, 0x80, 0x8, 0x68, 0x86, 0x80, 0x0, 0x30, 0x68, 0x15, 0x7, 0x27, 0x7, 0x2f, 0x38, 0x88, 0xcc, 0x84, 0x0, 0x88, 0xe9, 0xcc, 0x4c, 0x91, 0xfe, 0xb9, 0xab, 0x0, 0x98, 0x99, 0x59, 0x45, 0x18, 0x11, 0x68, 0x67, 0x0, 0x18, 0x11, 0x88, 0xea, 0x8e, 0x11, 0x81, 0xa8, 0x6, 0x8a, 0x11, 0x11, 0x58, 0x45, 0x98, 0x62, 0x19, 0x2b, 0x10, 0xea, 0x47, 0xff, 0x68, 0x3, 0x46, 0x9a, 0x8, 0x6, 0x9a, 0x8c, 0x6, 0x9a, 0x8d, 0xaa, 0x6, 0x9a, 0x8d, 0x6, 0x9a, 0xdc, 0x6, 0x9a, 0xc1, 0x2, 0xba, 0x71, 0x80, 0xf7, 0x4f, 0x80, 0xdc, 0x8c, 0x88, 0xd8, 0xdd, 0x4c, 0x1, 0x8c, 0xdd, 0x1c, 0x56, 0x48, 0x1c, 0x21, 0x76, 0x8e, 0x80, 0x8, 0x73, 0xcd, 0x88, 0x0, 0xcd, 0x44, 0x8c, 0x8, 0x41, 0x4c, 0x9, 0x64, 0x22, 0x12, 0x88, 0x0, 0x12, 0x9, 0x21, 0x20, 0x26, 0x86, 0x6, 0x6f, 0x23, 0x86, 0x0, 0x76, 0x77, 0x1, 0x83, 0x0, 0x88, 0x68, 0x72, 0x8, 0x11, 0x6, 0xb7, 0x6, 0x11, 0x8, 0x0, 0x8, 0x18, 0x9, 0x98, 0x11, 0xbc, 0xdc, 0x2, 0x8c, 0x18, 0x68, 0xc8, 0x8, 0x18, 0x3, 0xb, 0x18, 0x0, 0x56, 0x0, 0x80, 0x82, 0x16, 0x0, 0x18, 0x82, 0x9, 0x17, 0x0, 0x28, 0x68, 0x3, 0x81, 0x78, 0x86, 0x1, 0xe7, 0x0, 0x88, 0x11, 0x48, 0xdc, 0xcd, 0x11, 0xc8, 0xdd, 0x0, 0xcd, 0x81, 0xc4, 0xdc, 0xdd, 0x81, 0xbb, 0x99, 0x0, 0x7b, 0x74, 0x67, 0x84, 0xba, 0xfa, 0x4e, 0x18, 0x6, 0x58, 0xef, 0x8a, 0x11, 0x81, 0x1, 0x2d, 0x10, 0x4e, 0x0, 0x40, 0x77, 0x8, 0x76, 0x11, 0x11, 0x67, 0x8, 0x11, 0x81, 0x19, 0x88, 0x8, 0x22, 0x0, 0x5b, 0x0, 0x5f, 0x0, 0x84, 0x9, 0xf8, 0x94, 0x3, 0xd6, 0x0, 0x81, 0x19, 0xab, 0x54, 0x9, 0xcd, 0x48, 0x45, 0xb2, 0x5, 0xed, 0x55, 0x5, 0xd7, 0x19, 0xc4, 0x68, 0x67, 0x9, 0xb9, 0x44, 0x97, 0x19, 0xac, 0x51, 0x26, 0x6, 0x1f, 0x62, 0x6, 0x8, 0x73, 0x10, 0xa8, 0x9f, 0xbb, 0x53, 0x3b, 0x80, 0x3, 0x3b, 0x6, 0x2d, 0xa, 0x5f, 0x80, 0x4, 0x9f, 0xf6, 0x6f, 0xe8, 0xf7, 0x3b, 0xb9, 0xa3, 0x89, 0x7f, 0x90, 0x81, 0x83, 0x90, 0xc4, 0xdd, 0x0, 0xcd, 0xcc, 0xc8, 0xdd, 0x44, 0x44, 0xcc, 0xad, 0x0, 0xab, 0x44, 0x94, 0xba, 0xbb, 0x49, 0x4a, 0x66, 0x20, 0x45, 0x89, 0x4, 0xe4, 0x8, 0x86, 0xf5, 0xaf, 0x84, 0x0, 0xaa, 0xa8, 0x5e, 0x45, 0x88, 0xe9, 0x9f, 0x56, 0x0, 0x14, 0x99, 0x89, 0x68, 0x14, 0x81, 0x78, 0x87, 0x0, 0x11, 0x11, 0x68, 0x77, 0x88, 0x11, 0x81, 0x76, 0xa9, 0xa, 0x40, 0x36, 0xb, 0x57, 0x28, 0xa, 0x4f, 0x68, 0x80, 0xfa, 0x46, 0xf0, 0xf5, 0x87, 0xfb, 0x84, 0xaa, 0x63, 0x6, 0x83, 0x8c, 0x28, 0x11, 0xcc, 0x0, 0xc5, 0x21, 0xd3, 0xc3, 0xdc, 0x14, 0x8b, 0xd3, 0x0, 0xdc, 0x84, 0x17, 0xdb, 0xc1, 0x80, 0x77, 0x37, 0xe, 0x12, 0xd0, 0xa8, 0x3b, 0x9, 0x93, 0x3b, 0xac, 0xb, 0x47, 0xc8, 0x90, 0xa, 0xfd, 0xdc, 0xdd, 0x3, 0x17, 0xcd, 0xcc, 0x4c, 0x44, 0x0, 0xcc, 0xc4, 0x18, 0x32, 0x67, 0x85, 0x14, 0x11, 0x80, 0x1, 0xc7, 0x80, 0x85, 0x88, 0x88, 0x75, 0x68, 0x77, 0x2, 0x77, 0x67, 0x46, 0x88, 0x81, 0x99, 0x9, 0x56, 0x9f, 0xa8, 0x9, 0x56, 0x9f, 0x5, 0x76, 0x6f, 0x5, 0x76, 0x69, 0x17, 0x11, 0x10, 0x48, 0xdd, 0x16, 0x1, 0xc0, 0x15, 0x12, 0xb8, 0x77, 0x0, 0x18, 0x12, 0x64, 0x66, 0x28, 0x12, 0x74, 0x67, 0x0, 0x21, 0x11, 0xf9, 0xef, 0x22, 0x81, 0xfe, 0x9e, 0x40, 0x12, 0xa, 0x3b, 0xcd, 0xcc, 0x14, 0x98, 0xdd, 0x44, 0x0, 0x18, 0x81, 0x9a, 0x9a, 0x18, 0x11, 0x44, 0x85, 0x0, 0x18, 0x12, 0x54, 0x86, 0x11, 0x12, 0xa9, 0x8e, 0x2, 0x11, 0x22, 0x88, 0x8a, 0x11, 0x21, 0x6, 0xf4, 0x21, 0x13, 0x0, 0x80, 0x36, 0x3, 0xe3, 0x68, 0x82, 0xc, 0x2f, 0x4a, 0x48, 0xfe, 0x8, 0x95, 0x0, 0xf4, 0x44, 0xb7, 0x1b, 0xff, 0xf6, 0x37, 0x6, 0x37, 0x19, 0x3f, 0xc8, 0xc0, 0x10, 0xb4, 0x66, 0x37, 0x8c, 0x58, 0x56, 0xc4, 0xdc, 0x8c, 0x0, 0x48, 0x65, 0xcd, 0x56, 0x80, 0x76, 0xd6, 0x44, 0x4, 0x0, 0x48, 0xcc, 0xcc, 0x0, 0x0, 0xcd, 0x84, 0x88, 0x0, 0x18, 0x21, 0x64, 0x68, 0x56, 0x85, 0x76, 0x46, 0x4, 0x68, 0x77, 0x58, 0x76, 0x46, 0x12, 0x1a, 0xc5, 0x44, 0xa1, 0xa, 0x18, 0xcc, 0x6, 0x38, 0xcc, 0x84, 0x18, 0x98, 0x0, 0x78, 0xc0, 0x2b, 0xb7, 0x2, 0x30, 0x88, 0x87, 0x99, 0x26, 0x56, 0x98, 0x0, 0x9f, 0x37, 0x67, 0x8c, 0x9f, 0x77, 0x73, 0xe8, 0x3, 0x6f, 0x84, 0x36, 0xfe, 0x69, 0x75, 0x10, 0x87, 0xfc, 0xe2, 0xe0, 0x9c, 0xe5, 0xfb, 0xe6, 0xc6, 0x9f, 0xcc, 0xdd, 0x18, 0x41, 0xdc, 0x0, 0xdd, 0x11, 0x91, 0x7b, 0xa7, 0x11, 0x91, 0x55, 0x0, 0x45, 0x11, 0x41, 0x77, 0x46, 0x11, 0x81, 0xff, 0x0, 0x9e, 0x11, 0x81, 0xae, 0x9a, 0x18, 0x81, 0x44, 0xfd, 0xc, 0xcf, 0x28, 0xa1, 0x5c, 0xc6, 0x8b, 0xae, 0x19, 0x9d, 0x11, 0xfd, 0x55, 0x8, 0xc5, 0xa7, 0xb, 0x83, 0x0, 0x1c, 0xa4, 0xc8, 0x6c, 0x2, 0xdb, 0x0, 0xc4, 0x12, 0xdb, 0xe5, 0xac, 0x62, 0x5b, 0xf7, 0xd, 0x2f, 0x80, 0x64, 0xa, 0x1a, 0x56, 0xa, 0x1a, 0x6a, 0x88, 0x16, 0x3a, 0x6, 0x9a, 0x66, 0x6, 0x9a, 0x8c, 0x6, 0x9a, 0xc5, 0xa0, 0x6, 0x9a, 0xcc, 0x6, 0x9a, 0xd6, 0x88, 0x5, 0x68, 0x67, 0xc8, 0xd, 0x9f, 0xd, 0x82, 0x80, 0xd4, 0x6, 0x9a, 0x88, 0x54, 0x44, 0x4, 0x86, 0x65, 0x88, 0x65, 0x67, 0x8, 0x76, 0x65, 0x67, 0x0, 0x6c, 0x85, 0x88, 0x76, 0x4d, 0x84, 0x11, 0x88, 0x4, 0xcc, 0xcc, 0x44, 0x14, 0xdd, 0x8, 0x61, 0x58, 0x76, 0x0, 0x77, 0x66, 0x77, 0x77, 0x77, 0x77, 0x55, 0x55, 0x2a, 0x55, 0x66, 0x1, 0x2e, 0x19, 0x6, 0x9b, 0x19, 0x6, 0x9b, 0x19, 0xff, 0x16, 0x9b, 0x12, 0xbb, 0xfd, 0xff, 0xaa, 0x3b, 0xd, 0x9e, 0x19, 0x81, 0x1d, 0x95, 0xac, 0xc, 0x80, 0x60, 0xdf, 0x48, 0x45, 0x88, 0x18, 0x80, 0x45, 0x8, 0x15, 0x80, 0x80, 0x44, 0xb, 0xfc, 0xc8, 0xb, 0x79, 0x68, 0x3, 0xb6, 0xed, 0x4d, 0x7b, 0x1d, 0x80, 0x7, 0xb6, 0x0, 0x7, 0xb6, 0xd, 0xd8, 0x65, 0x5, 0x6b, 0xff, 0x3b, 0x95, 0xfa, 0x9f, 0xfe, 0x85, 0x9c, 0xf7, 0xfe, 0xa3, 0xf1, 0xbf, 0xfe, 0xc7, 0xf0, 0x3f, 0xf8, 0xfe, 0xeb, 0xa3, 0xff, 0xa2, 0x15, 0x3d, 0x69, 0x1e, 0x46, 0x48, 0xc5, 0x48, 0x4, 0x84, 0x80, 0xc8, 0x48, 0x44, 0x0, 0xe3, 0x4c, 0x8, 0x17, 0x0, 0x58, 0xc6, 0xe, 0x5a, 0x64, 0xe, 0x5e, 0x41, 0xc1, 0x10, 0xde, 0x57, 0x56, 0xf, 0x7, 0x54, 0xf, 0xb, 0x48, 0xf, 0xf, 0x1e, 0x35, 0x8e, 0x60, 0x6a, 0x8, 0x26, 0x5b, 0x47, 0xdf, 0x81, 0x7, 0xdf, 0x88, 0x4, 0xa3, 0x80, 0xf0, 0x7, 0xdf, 0xfb, 0x13, 0xfb, 0xdf, 0x2b, 0xdf, 0x8c, 0xc8, 0x62, 0x8, 0x4, 0xc8, 0x7d, 0xc7, 0x84, 0x68, 0xb, 0x5f, 0x68, 0x56, 0x0, 0xc4, 0x46, 0x84, 0x48, 0x65, 0x85, 0x58, 0x80, 0xc4, 0x18, 0xf9, 0x19, 0xf9, 0x48, 0x86, 0x58, 0xd, 0xce, 0x45, 0x64, 0x2a, 0x68, 0x8c, 0x3, 0x1c, 0xdc, 0x0, 0x4, 0xcd, 0x0, 0x25, 0xd6, 0x0, 0x44, 0x14, 0x41, 0xc4, 0xcc, 0x4c, 0x11, 0xcc, 0x0, 0xcc, 0xcd, 0x14, 0x11, 0x91, 0x99, 0x88, 0x88, 0x17, 0x11, 0x11, 0x81, 0xe, 0xd4, 0x81, 0xfc, 0x2b, 0x47, 0xf, 0xab, 0x9f, 0xfc, 0x14, 0xb1, 0x5e, 0x1b, 0xf, 0x46, 0xf, 0x14, 0x12, 0xe5, 0x1f, 0x43, 0x68, 0xc6, 0x1f, 0x8, 0x0, 0x48, 0x0, 0xfb, 0x7e, 0x3d, 0xff, 0x22, 0x3f, 0x3f, 0x41, 0x3d, 0xe0, 0x42, 0x39, 0xff, 0xc4, 0x7f, 0xff, 0x40, 0xdc, 0xdd, 0xcd, 0x40, 0x0, 0xa8, 0xda, 0xdd, 0x50, 0x76, 0xab, 0x44, 0x79, 0x0, 0x67, 0x55, 0x88, 0xf9, 0xaf, 0x89, 0x85, 0xe8, 0x10, 0xee, 0x8a, 0x8a, 0x3, 0x32, 0x48, 0x0, 0x48, 0xc4, 0x3, 0x84, 0xcc, 0x4, 0x80, 0x98, 0x4c, 0x4e, 0xd3, 0xed, 0x2b, 0xc3, 0x1e, 0xb, 0xa, 0x18, 0x80, 0x11, 0x88, 0x65, 0xf, 0xbc, 0xff, 0xae, 0xeb, 0xff, 0xbf, 0xf7, 0x63, 0xf7, 0x63, 0xcd, 0xd, 0xfe, 0xdd, 0x57, 0x63, 0xbf, 0x82, 0x20, 0x88, 0xdc, 0x5, 0x62, 0x4d, 0xcd, 0xdc, 0xcd, 0x84, 0x82, 0x3, 0x5f, 0x21, 0x4c, 0x8c, 0x21, 0x33, 0x99, 0x87, 0xcc, 0xe6, 0xa, 0xab, 0x1a, 0xf0, 0x1f, 0xa3, 0x33, 0x11, 0x17, 0x5f, 0x7c, 0xf7, 0x7, 0x8c, 0xf, 0xff, 0x77, 0x77, 0x7, 0x7, 0xb, 0xc, 0x5b, 0x6, 0x0, 0x7a, 0x0, 0x0, 0x2, 0x75, 0xb9, 0xff, 0xf0, 0x9e, 0x9c, 0xdc, 0xc, 0x5e, 0xdd, 0xad, 0xc, 0x62, 0xa9, 0x6, 0x9a, 0xbb, 0xc, 0x6e, 0x3, 0xb3, 0x74, 0x3, 0xff, 0x2, 0xf9, 0xae, 0x0, 0x80, 0xee, 0x8a, 0x6, 0x9e, 0x4, 0x55, 0xdd, 0xe, 0x67, 0x89, 0xf, 0xb0, 0x8a, 0x17, 0x57, 0x96, 0xd, 0x38, 0x2, 0x5a, 0x85, 0x0, 0x88, 0x4a, 0x54, 0x4, 0x3f, 0xc4, 0x3a, 0x46, 0x0, 0x6, 0x9b, 0xfd, 0x7f, 0x7c, 0xef, 0x76, 0x27, 0x9b, 0x8, 0x53, 0x0, 0x2, 0x21, 0x0, 0x7, 0x9b, 0x0, 0x12, 0xf, 0xf7, 0x15, 0x53, 0xf5, 0x62, 0x2c, 0xfa, 0xbe, 0xdf, 0x3c, 0xd, 0x47, 0x80, 0xf, 0xf9, 0x40, 0xd, 0x4f, 0x35, 0x58, 0xa4, 0xd, 0xa, 0x9, 0xeb, 0x88, 0x14, 0x9f, 0xff, 0xf, 0x58, 0x10, 0xee, 0x4c, 0xcd, 0x2, 0x87, 0xdd, 0x4d, 0x88, 0xdd, 0xa8, 0xc, 0xa, 0x4a, 0xc, 0xd, 0x8b, 0x7, 0xf8, 0x85, 0xc4, 0x84, 0x2d, 0x0, 0x89, 0x5, 0x12, 0x8a, 0x2, 0x54, 0x17, 0x3f, 0x11, 0x7, 0x3f, 0xf7, 0x42, 0xa3, 0xa, 0x23, 0xfe, 0xcf, 0xcf, 0xfe, 0x60, 0x10, 0xb6, 0x0, 0x6, 0x5, 0x3, 0x20, 0x76, 0x66, 0x3f, 0xff, 0x70, 0x77, 0x0, 0x70, 0x67, 0x58, 0x66, 0x0, 0x2, 0x66, 0x0, 0x2, 0x60, 0x1, 0x16, 0x11, 0x11, 0x7c, 0x61, 0x8, 0x7c, 0x4, 0xfe, 0x80, 0x14, 0xc0, 0xa, 0x31, 0x97, 0x77, 0x7, 0x25, 0x66, 0x66, 0x5, 0x28, 0x66, 0x66, 0x20, 0x29, 0x76, 0x20, 0x31, 0xe0, 0x25, 0x38, 0x11, 0xb6, 0x6f, 0xe2, 0xcc, 0xcc, 0xcc, 0xc, 0xdd, 0x4, 0x12, 0x1, 0x0, 0x2d, 0x22, 0x0, 0x4, 0x0, 0x20, 0x36, 0x12, 0xcc, 0xff, 0xfc, 0x21, 0xd7, 0x77, 0x5, 0x9d, 0x5, 0x73, 0x6, 0xe0, 0x15, 0x77, 0xff, 0xff, 0xb0, 0x2b, 0x44, 0x44, 0x0, 0x66, 0x55, 0xc, 0x55, 0x44, 0x0, 0x55, 0xf, 0xd4, 0x0, 0xb, 0x0, 0x54, 0xbb, 0x9, 0xf, 0x55, 0x10, 0x3, 0x45, 0x42, 0xf, 0xff, 0xc4, 0xf, 0xff, 0x18, 0xd7, 0xcd, 0xf, 0x9f, 0x1f, 0x9, 0x80, 0x74, 0xf, 0xfe, 0x18, 0xe3, 0xf8, 0xf, 0xfd, 0x0, 0xe8, 0xc8, 0xdc, 0xdd, 0x84, 0xdc, 0xdd, 0x4c, 0x2, 0x4, 0xaa, 0x44, 0x4, 0x0, 0x75, 0xb, 0x59, 0x57, 0x0, 0x48, 0x88, 0x0, 0x66, 0x48, 0x4c, 0x8, 0x4f, 0x8c, 0x9, 0x4f, 0xae, 0x88, 0x44, 0xed, 0xe6, 0xd3, 0x9f, 0x0, 0x50, 0x57, 0x66, 0x1, 0x43, 0x55, 0x11, 0x47, 0x65, 0xff, 0xa3, 0x0, 0x19, 0x0, 0x9c, 0x9, 0x56, 0x55, 0x55, 0x54, 0x20, 0xa4, 0x50, 0x55, 0xe, 0xeb, 0x57, 0x80, 0xe, 0xeb, 0x88, 0x10, 0x3, 0x54, 0x24, 0x29, 0xff, 0xd8, 0xff, 0xea, 0xcb, 0xff, 0xfc, 0x7e, 0xeb, 0x80, 0x6c, 0xf, 0xdd, 0x68, 0x10, 0xd7, 0x23, 0x3a, 0xbd, 0x84, 0x7e, 0x58, 0x1b, 0xe8, 0x1c, 0x0, 0x7, 0x41, 0x20, 0x3, 0xcc, 0xf, 0xa4, 0x5f, 0x66, 0xa, 0x2e, 0x45, 0x10, 0x3, 0xf4, 0x7f, 0xaf, 0xdc, 0xe6, 0xb1, 0xf7, 0x63, 0xea, 0x27, 0x63, 0x1b, 0x43, 0xf7, 0x63, 0x84, 0x7, 0x63, 0x58, 0x2, 0x5b, 0x80, 0x5, 0x45, 0x56, 0x48, 0x11, 0x12, 0x47, 0x63, 0x55, 0x77, 0x63, 0x0, 0x84, 0x76, 0x8d, 0x44, 0x11, 0x84, 0x8c, 0xcc, 0x20, 0x14, 0x11, 0xb, 0x2f, 0x58, 0x81, 0x65, 0x77, 0x67, 0x15, 0x76, 0x11, 0x11, 0x10, 0x1, 0x22, 0x8, 0x92, 0x29, 0xd, 0xff, 0x7e, 0x29, 0x57, 0x63, 0xff, 0x94, 0x8f, 0xf1, 0xf2, 0x1f, 0x86, 0x7f, 0x4a, 0xa1, 0x80, 0x20, 0x55, 0x84, 0x1, 0xf6, 0x8, 0x80, 0xc8, 0x85, 0x0, 0x2, 0x58, 0x75, 0x8d, 0x0, 0x48, 0x54, 0x6, 0x43, 0x48, 0xff, 0x77, 0x5f, 0x17, 0x74, 0x41, 0x3b, 0x65, 0xc7, 0x86, 0x7f, 0x2f, 0xc2, 0x90, 0x3, 0x5f, 0xfb, 0xc0, 0x69, 0xa1, 0x1, 0x52, 0x0, 0xfe, 0x6e, 0x76, 0x80, 0xe9, 0x0, 0x9f, 0x77, 0xc8, 0x8c, 0xfe, 0x56, 0xc8, 0xcd, 0x0, 0xf8, 0x9, 0x82, 0x88, 0xf9, 0x9, 0x81, 0x0, 0x16, 0x90, 0x9, 0x13, 0xbe, 0x79, 0x70, 0x20, 0x2, 0xff, 0xc8, 0x77, 0xe1, 0xb, 0xe0, 0x23, 0x77, 0x20, 0x23, 0x70, 0x77, 0x67, 0x70, 0x30, 0xb, 0xa, 0x66, 0x88, 0x11, 0x1, 0xb, 0xfb, 0x6, 0x13, 0x82, 0x67, 0xfb, 0x33, 0x54, 0x13, 0x59, 0x3, 0x8d, 0x23, 0x91, 0x10, 0x13, 0x57, 0xae, 0xa3, 0x19, 0xcb, 0xca, 0x2f, 0xd1, 0xab, 0x1b, 0x67, 0x66, 0x3, 0xea, 0x16, 0x3, 0xea, 0x26, 0x80, 0x0, 0xa, 0x26, 0x60, 0x67, 0x66, 0x1e, 0x70, 0x66, 0x0, 0xe6, 0xee, 0x70, 0x66, 0xfe, 0xee, 0x76, 0x66, 0x0, 0xef, 0x4e, 0x71, 0x77, 0x22, 0x12, 0xc2, 0x7c, 0x80, 0x0, 0x3, 0xdd, 0x2c, 0x22, 0x91, 0xdd, 0xcd, 0x22, 0x0, 0x79, 0x77, 0xbb, 0x33, 0xb9, 0x77, 0x77, 0xbb, 0x0, 0xb9, 0xbb, 0xd2, 0xcd, 0x44, 0x84, 0xd2, 0xdd, 0x0, 0x66, 0xee, 0x6e, 0x66, 0xee, 0xee, 0xff, 0x76, 0x0, 0xdd, 0xee, 0xfe, 0x79, 0xd2, 0xdd, 0xec, 0x7f, 0x0, 0x22, 0xdc, 0xcd, 0x9f, 0x23, 0xc2, 0x9c, 0x9f, 0x5, 0x22, 0x2, 0x0, 0x99, 0x22, 0xc, 0x8c, 0x76, 0x3, 0xac, 0xfb, 0x20, 0xa3, 0x4, 0x49, 0x9, 0x54, 0xff, 0xa6, 0xf, 0xb8, 0xee, 0x15, 0xbb, 0x5, 0xb3, 0xff, 0xb, 0x42, 0x34, 0x4e, 0xf0, 0x4, 0xf3, 0xe7, 0x61, 0x1c, 0x15, 0xf7, 0xff, 0xfd, 0xfa, 0x7f, 0xf3, 0xff, 0xe5, 0xcc, 0x97, 0xf7, 0x9f, 0x17, 0x9f, 0x84, 0x88, 0xf7, 0x9f, 0xf7, 0x9f, 0xfe, 0x60, 0x87, 0xa6, 0x7b, 0x3e, 0x76, 0x8, 0x47, 0x2a, 0x4b, 0x1a, 0x4f, 0x1f, 0x4f, 0x58, 0x80, 0x9d, 0x3f, 0x58, 0xdc, 0x4c, 0x13, 0x58, 0xcc, 0x4d, 0x0, 0x32, 0x68, 0xc5, 0xcd, 0x44, 0x65, 0x45, 0xdc, 0x4, 0x4c, 0x68, 0x46, 0xd4, 0x4d, 0x8, 0x86, 0xdd, 0x68, 0x0, 0x66, 0xc4, 0xcd, 0x78, 0x66, 0x45, 0x4d, 0x78, 0x0, 0x66, 0x46, 0x8c, 0x78, 0x66, 0x56, 0x58, 0x78, 0x0, 0x67, 0x56, 0x65, 0x58, 0x67, 0x56, 0x11, 0x80, 0x0, 0x67, 0x12, 0x65, 0x80, 0x27, 0x51, 0x88, 0x80, 0x12, 0x16, 0x85, 0xc4, 0x0, 0x3, 0xc8, 0x84, 0x1, 0x60, 0x68, 0xa8, 0x5, 0x50, 0x67, 0xa, 0x85, 0x21, 0xa, 0x89, 0x66, 0x22, 0x76, 0x0, 0x77, 0x88, 0x68, 0x32, 0x33, 0x44, 0x88, 0x66, 0x3f, 0x77, 0x44, 0xc, 0x40, 0xf9, 0xef, 0xff, 0xb7, 0x1f, 0xd3, 0x1c, 0x5c, 0x14, 0xcd, 0xff, 0x13, 0xf7, 0x13, 0xfb, 0x6a, 0x61, 0xff, 0xe3, 0xff, 0xf5, 0xfe, 0xc, 0x3f, 0x2c, 0x2, 0x9f, 0x40, 0x55, 0x0, 0xdf, 0x56, 0xdc, 0x4d, 0x32, 0x67, 0xd5, 0x0, 0xcd, 0x24, 0x67, 0xd5, 0xdd, 0x4c, 0x65, 0xd6, 0x2, 0xdd, 0x4d, 0x78, 0xd6, 0xdc, 0xdd, 0x0, 0x3, 0xdc, 0x1e, 0x78, 0xc6, 0xd4, 0x7, 0x7b, 0xfe, 0x49, 0xfa, 0x9e, 0xcf, 0x82, 0x88, 0x7f, 0x45, 0x2a, 0xe9, 0xb, 0xd, 0x26, 0x7e, 0x56, 0x92, 0x36, 0x89, 0x26, 0x67, 0x26, 0xa5, 0xed, 0x4, 0xcd, 0x16, 0xbf, 0x1f, 0xf7, 0x28, 0xf, 0xff, 0x1f, 0xab, 0x91, 0x47, 0x7a, 0xc0, 0x9e, 0x93, 0x4f, 0xe2, 0x90, 0x99, 0x0, 0x0, 0x98, 0xfe, 0x0, 0x0, 0x88, 0xcc, 0xe8, 0x88, 0x85, 0xdc, 0x8c, 0x4, 0x81, 0x66, 0x84, 0x98, 0x13, 0xc, 0x7a, 0x84, 0x75, 0x2, 0x46, 0x85, 0x68, 0x65, 0x67, 0x57, 0xb, 0xe5, 0x67, 0x0, 0x76, 0x67, 0x77, 0x67, 0x21, 0x67, 0x76, 0x77, 0x0, 0x65, 0x22, 0x63, 0x77, 0x88, 0x65, 0x36, 0x33, 0x18, 0x8, 0x88, 0x78, 0xf6, 0x7f, 0xcb, 0x80, 0x22, 0x11, 0x88, 0x0, 0x8, 0x21, 0x23, 0x81, 0x0, 0x12, 0x31, 0x23, 0x0, 0x88, 0x44, 0x11, 0x21, 0x12, 0xdc, 0xcc, 0x12, 0x2, 0x81, 0xcd, 0x1c, 0x11, 0x11, 0xcd, 0xd, 0xdc, 0x8c, 0x3c, 0x58, 0x67, 0x19, 0x62, 0x90, 0x9f, 0x17, 0x9f, 0x90, 0x9f, 0x84, 0x76, 0x0, 0x26, 0x82, 0x0, 0xcc, 0x16, 0x12, 0x8, 0xdc, 0x0, 0x4c, 0x21, 0x8, 0xd9, 0xcd, 0x14, 0x82, 0x2b, 0x0, 0xcd, 0x34, 0x23, 0x37, 0xcd, 0x34, 0x32, 0x23, 0x0, 0xdd, 0x24, 0x23, 0x82, 0xdc, 0x24, 0x23, 0x76, 0x1, 0x77, 0x5, 0x0, 0x67, 0x54, 0x0, 0x0, 0x1c, 0x68, 0x4a, 0x5, 0xff, 0x94, 0x0, 0x85, 0xf, 0xd3, 0x56, 0xf, 0xfe, 0x77, 0x20, 0x56, 0x88, 0x9, 0x1f, 0x56, 0x88, 0x77, 0x77, 0x27, 0x0, 0x51, 0x23, 0x22, 0x61, 0x85, 0x77, 0x67, 0x85, 0x40, 0x8, 0x1c, 0x7e, 0x77, 0x66, 0x5f, 0x55, 0x77, 0x67, 0x2, 0xfe, 0x45, 0x77, 0x67, 0xf6, 0x4e, 0xc, 0xca, 0xef, 0x96, 0x3, 0xaf, 0xf6, 0x70, 0x7, 0xd0, 0x60, 0xe, 0xcf, 0x0, 0x3, 0x77, 0x0, 0x55, 0x24, 0xd2, 0xdd, 0x54, 0x75, 0xc2, 0xdd, 0x0, 0x44, 0x76, 0x77, 0xdd, 0x54, 0x76, 0x77, 0xdc, 0x4, 0xef, 0x66, 0x77, 0xc7, 0xf6, 0x0, 0x25, 0x66, 0xf6, 0x20, 0xff, 0x6e, 0xe, 0xf2, 0xff, 0x2c, 0x32, 0x13, 0x11, 0x9, 0xcd, 0x22, 0x33, 0x23, 0x4, 0x1e, 0x33, 0xdd, 0x4, 0x23, 0x50, 0xdd, 0x0, 0x4, 0xc7, 0x0, 0x4, 0x77, 0xcc, 0xdd, 0xdd, 0x9, 0xff, 0xef, 0xc6, 0xcc, 0x7, 0xc8, 0x0, 0x12, 0x8, 0x75, 0x0, 0x33, 0x13, 0x11, 0x1, 0x33, 0x33, 0x23, 0x22, 0x1c, 0x22, 0x22, 0xc2, 0x0, 0x19, 0x20, 0x1, 0x7, 0xee, 0xcc, 0xcc, 0xfd, 0x47, 0xc3, 0x48, 0x67, 0xfa, 0xdf, 0x5d, 0xf8, 0x1e, 0xfc, 0x8, 0xda, 0x0, 0xf, 0x6b, 0x67, 0x88, 0x10, 0x3, 0x5d, 0x1, 0x80, 0x88, 0xd, 0xa7, 0xd, 0xc9, 0xcc, 0x65, 0xff, 0x56, 0xa2, 0xef, 0xfd, 0x25, 0x9b, 0x1d, 0x71, 0x6b, 0x3b, 0x46, 0x7, 0xfe, 0xc5, 0xfe, 0xd7, 0xc0, 0xfb, 0x8c, 0x9a, 0xbb, 0x12, 0x0, 0x80, 0x21, 0x67, 0x0, 0x0, 0x80, 0x76, 0xcc, 0x0, 0x10, 0x36, 0xd1, 0x0, 0x2d, 0x10, 0x3c, 0x8, 0x4f, 0xcc, 0xa, 0x4f, 0x3f, 0x21, 0xcc, 0xf, 0xb9, 0x40, 0xdc, 0xe, 0x72, 0xcc, 0xdd, 0x48, 0x88, 0xd2, 0xcc, 0x0, 0x48, 0x84, 0xd2, 0x1c, 0x88, 0x84, 0x9a, 0x63, 0x78, 0x85, 0x1c, 0x63, 0x8f, 0x2c, 0xd, 0xcb, 0x10, 0x27, 0x8d, 0x99, 0x88, 0x0, 0xcc, 0x88, 0xfc, 0x69, 0x88, 0xc8, 0xed, 0x6f, 0x1e, 0x0, 0x68, 0x81, 0x7, 0xc3, 0x2f, 0xea, 0xfa, 0xc8, 0x18, 0xb8, 0x80, 0x9f, 0x14, 0xa1, 0x48, 0xc5, 0xf, 0x69, 0x18, 0xc7, 0xc, 0xf7, 0xb8, 0x3f, 0xfc, 0x3f, 0xf7, 0xbc, 0x3f, 0xff, 0x9f, 0xff, 0xce, 0x4b, 0x9b, 0x46, 0x1e, 0x63, 0x1e, 0x6b, 0x1e, 0x73, 0x69, 0x75, 0x1b, 0xb, 0xe, 0x76, 0x77, 0x2, 0x9f, 0xc6, 0x21, 0x2, 0x9f, 0x20, 0x14, 0x22, 0x0, 0x3, 0x12, 0x8, 0xd2, 0x1c, 0x32, 0x1, 0x81, 0xd2, 0x4d, 0x31, 0x12, 0xc3, 0xcd, 0x32, 0x9f, 0x1, 0x78, 0xc7, 0xd4, 0x8c, 0x78, 0x47, 0xc5, 0x24, 0xbf, 0x0, 0x68, 0x67, 0x16, 0x21, 0x68, 0x67, 0x52, 0x66, 0x0, 0x68, 0x27, 0x81, 0x88, 0x88, 0x16, 0xc5, 0x44, 0x19, 0x80, 0x16, 0xc8, 0xf, 0x63, 0x1c, 0x5b, 0x65, 0x87, 0x1e, 0xc8, 0x57, 0x69, 0x0, 0x54, 0x6f, 0xf, 0xf1, 0x9f, 0xf, 0xec, 0x10, 0x3, 0x3, 0x90, 0xc0, 0xe4, 0xab, 0xdf, 0x4f, 0x28, 0x77, 0x8, 0x0, 0x78, 0x73, 0xf, 0x8, 0x0, 0x66, 0x62, 0xd, 0xff, 0xf, 0x4e, 0xfb, 0xed, 0x65, 0xdf, 0xc4, 0x90, 0x7, 0x73, 0x9f, 0x81, 0x8, 0x0, 0x23, 0x9f, 0x32, 0x88, 0x20, 0x88, 0x12, 0x6, 0xb0, 0x22, 0x21, 0x12, 0x88, 0xc4, 0x2, 0x12, 0x12, 0x11, 0xc4, 0x48, 0x12, 0x3, 0x9f, 0x11, 0x39, 0x8, 0x8, 0x1, 0x5f, 0xd, 0x95, 0x1, 0x5f, 0xc8, 0x6c, 0xf, 0x93, 0x5c, 0x46, 0xf, 0xf, 0x54, 0x19, 0x9b, 0x40, 0x3, 0x2e, 0xc7, 0x88, 0x80, 0x0, 0x65, 0x8, 0x85, 0x58, 0x83, 0x0, 0x55, 0x35, 0x0, 0x86, 0x0, 0x66, 0x25, 0x86, 0x0, 0x27, 0x61, 0x1, 0x8, 0x0, 0x63, 0x56, 0x8, 0x0, 0x86, 0xf, 0xd6, 0x0, 0x59, 0x73, 0x85, 0x65, 0x67, 0x77, 0xc4, 0x58, 0x0, 0x77, 0x56, 0xc4, 0x88, 0x65, 0x64, 0xd5, 0x54, 0x0, 0x88, 0xd5, 0x4c, 0xdc, 0x81, 0x48, 0xdc, 0xdd, 0x0, 0x81, 0xcc, 0xad, 0xa9, 0x81, 0xac, 0xbb, 0xa9, 0x0, 0x66, 0xc4, 0xcc, 0x9f, 0x55, 0x88, 0x48, 0x9e, 0x0, 0x18, 0x11, 0x11, 0x99, 0xcc, 0x18, 0x22, 0x22, 0x0, 0xcd, 0x18, 0x22, 0x88, 0xbb, 0x19, 0x21, 0x8, 0x0, 0x7b, 0x1b, 0x11, 0x8, 0x77, 0x65, 0x81, 0x0, 0xe, 0x80, 0x80, 0x8, 0x18, 0xd, 0x8d, 0x96, 0xa3, 0x19, 0x5f, 0xc8, 0xa0, 0xf, 0x98, 0x68, 0xf, 0x9c, 0x48, 0x11, 0x58, 0x66, 0x14, 0x0, 0x11, 0xa8, 0x77, 0x14, 0x81, 0xe4, 0x7f, 0x89, 0x65, 0x48, 0xe, 0x48, 0x6, 0xaf, 0x88, 0xcd, 0xf, 0xf4, 0x67, 0x2e, 0x5b, 0xfe, 0x88, 0x85, 0xff, 0xff, 0x3f, 0xf9, 0xb, 0x8c, 0xb, 0xde, 0x1d, 0x35, 0xd, 0x39, 0x60, 0xf0, 0x1b, 0x4f, 0xa8, 0x84, 0xf7, 0x8f, 0x38, 0x5f, 0x0, 0x55, 0x65, 0x77, 0x23, 0x0, 0x65, 0xc, 0xc, 0xf6, 0xff, 0xff, 0xf7, 0xb3, 0x37, 0xc5, 0x0, 0x55, 0x55, 0x64, 0x77, 0xff, 0xff, 0xef, 0xe, 0xbf, 0xc, 0x1e, 0xe6, 0xf7, 0xd7, 0x37, 0xe9, 0xff, 0x30, 0xce, 0xef, 0xff, 0x3, 0xaf, 0xd6, 0x40, 0x64, 0x1, 0xff, 0x58, 0xf7, 0x85, 0x8, 0x48, 0x5e, 0x4, 0x45, 0x84, 0x80, 0x48, 0x55, 0xa, 0xb6, 0x48, 0xc5, 0xbf, 0xf, 0x60, 0x6c, 0x4b, 0x43, 0xaf, 0x8f, 0x56, 0xe7, 0xa, 0xdb, 0x26, 0xe7, 0x19, 0xbe, 0xfe, 0x39, 0xc1, 0xff, 0xb5, 0x6f, 0x6f, 0xc, 0x11, 0x1a, 0x64, 0xfe, 0x45, 0x5f, 0xe9, 0xc0, 0x51, 0x8c, 0xd, 0xa2, 0x56, 0xb, 0x5e, 0x58, 0xc0, 0xc, 0xe, 0xbd, 0x0, 0x4c, 0x58, 0x86, 0xdc, 0x5d, 0x64, 0x85, 0xc0, 0x0, 0xcc, 0x88, 0x18, 0x80, 0x18, 0x88, 0x18, 0x0, 0x0

.align 2, 0
Anim_BANIM_AlearLord_Sword_Sheet_1:
.byte  0x10, 0x0, 0x20, 0x0, 0x36, 0x0, 0x0, 0xf0, 0x1, 0x80, 0x13, 0x80, 0xf0, 0x1f, 0x70, 0x31, 0x18, 0x68, 0x11, 0xf0, 0x3d, 0xc0, 0x4f, 0x88, 0xf0, 0x5f, 0x88, 0x8, 0x0, 0x0, 0x88, 0x45, 0x0, 0x88, 0x46, 0x0, 0x0, 0x46, 0x40, 0x8, 0x90, 0x7d, 0x90, 0x99, 0x0, 0x0, 0x98, 0xfe, 0x0, 0x0, 0x88, 0xcc, 0xe8, 0x88, 0x85, 0xdc, 0x8c, 0x3, 0x65, 0x66, 0x84, 0x98, 0x51, 0x84, 0x10, 0x20, 0x0, 0x2f, 0x4, 0x80, 0x85, 0x0, 0x0, 0x68, 0x0, 0x36, 0x86, 0x0, 0x2, 0x0, 0x35, 0x87, 0x0, 0x0, 0x23, 0x0, 0x3, 0x67, 0xf7, 0x0, 0xb, 0x0, 0x49, 0x10, 0xa2, 0x0, 0x15, 0x80, 0x10, 0x67, 0xf0, 0xab, 0x20, 0x81, 0x5b, 0x44, 0x10, 0x70, 0x8, 0x80, 0x88, 0x0, 0xd3, 0x88, 0x0, 0x97, 0x10, 0x3, 0xf7, 0xf0, 0x9f, 0x11, 0xf, 0x10, 0x96, 0x60, 0x9a, 0x80, 0x20, 0x27, 0xf1, 0x26, 0x50, 0xe0, 0xf7, 0xf0, 0x1e, 0xf1, 0x52, 0xf1, 0x64, 0x51, 0x5e, 0x18, 0xf1, 0x7f, 0x71, 0x91, 0xf1, 0x5e, 0xb8, 0xa1, 0xad, 0x66, 0x0, 0x2, 0x0, 0x3, 0xc1, 0xc1, 0x60, 0x6, 0x0, 0x3, 0x66, 0x76, 0x77, 0x67, 0x76, 0x77, 0x0, 0x5, 0x0, 0x8, 0xd0, 0xf1, 0xdf, 0x31, 0xf1, 0x7, 0x40, 0x3, 0x0, 0x88, 0x84, 0xc5, 0x20, 0x0, 0x48, 0x20, 0x3, 0x46, 0x0, 0x88, 0x58, 0x46, 0xcc, 0x1, 0x6b, 0x1, 0x99, 0x88, 0xd4, 0x1, 0xfa, 0x0, 0x3, 0x48, 0xdd, 0x0, 0xcd, 0x34, 0x21, 0x82, 0xdd, 0x34, 0x13, 0x83, 0x0, 0xdd, 0x3c, 0x13, 0x21, 0xdd, 0x2d, 0x23, 0x21, 0x0, 0xcd, 0x2d, 0x23, 0x11, 0xcd, 0x2d, 0x13, 0x12, 0x0, 0x4d, 0xcd, 0x12, 0x82, 0x4c, 0xcd, 0x11, 0x88, 0xb, 0x0, 0xd0, 0x0, 0xf0, 0x91, 0x33, 0x81, 0x10, 0xb7, 0x1, 0xd7, 0x70, 0x84, 0x2, 0x58, 0x1, 0xb5, 0x2, 0x41, 0x73, 0x85, 0x0, 0x78, 0x46, 0x67, 0x1, 0xf3, 0x88, 0x0, 0x80, 0xa1, 0xef, 0x32, 0x79, 0x68, 0x1a, 0x77, 0x77, 0x66, 0x1, 0x62, 0x0, 0x1c, 0x44, 0x0, 0x32, 0x58, 0x5f, 0x45, 0x1, 0xca, 0x55, 0x21, 0x54, 0x21, 0x58, 0xf1, 0x7b, 0x1, 0x6f, 0xa0, 0x2, 0xff, 0xf2, 0xbf, 0xb1, 0xbf, 0x1, 0x9f, 0xf0, 0x75, 0xf2, 0xf4, 0xf3, 0x6, 0x41, 0x4d, 0xf3, 0x1f, 0x8f, 0x73, 0x31, 0x76, 0x77, 0x77, 0xf1, 0x5f, 0x83, 0x50, 0x0, 0x1e, 0xf1, 0x7f, 0xe3, 0xf0, 0x1f, 0xf3, 0x82, 0x81, 0xa3, 0x0, 0x0, 0x70, 0x1, 0xc3, 0x50, 0x3, 0x6e, 0x60, 0x1, 0xf3, 0x20, 0x3, 0x55, 0xf3, 0xb7, 0x1, 0xfa, 0x0, 0x8f, 0x70, 0xc4, 0xc0, 0x3, 0xa2, 0x30, 0x67, 0x56, 0x55, 0x10, 0x3, 0x67, 0x66, 0x1, 0x66, 0x55, 0x77, 0x66, 0x66, 0x66, 0x77, 0x0, 0x8, 0xa0, 0x3, 0xff, 0x28, 0x3, 0xe6, 0x62, 0x0, 0x0, 0x40, 0xc2, 0xaa, 0x0, 0x3, 0xcc, 0x30, 0x7, 0x0, 0x10, 0x3, 0x82, 0x4, 0x1b, 0x58, 0x0, 0x77, 0x26, 0x8, 0x0, 0x1c, 0x32, 0x81, 0x0, 0x40, 0x4d, 0x20, 0x3, 0x82, 0x0, 0xcd, 0x31, 0x13, 0x8, 0x0, 0xdd, 0x24, 0x23, 0x81, 0xdc, 0x1c, 0x33, 0x12, 0xa, 0xdc, 0x4d, 0x32, 0x23, 0x3, 0xe2, 0x65, 0x0, 0x2, 0x87, 0x0, 0x88, 0x56, 0x46, 0x8, 0x69, 0x75, 0x8, 0x0, 0x5f, 0x6f, 0x1, 0xf8, 0x9f, 0x4, 0x54, 0x10, 0x3, 0x3, 0xd0, 0x73, 0x47, 0xf4, 0x68, 0xd4, 0x32, 0xe3, 0x4, 0x3, 0x82, 0x4, 0x7, 0x23, 0x3, 0x92, 0x21, 0x58, 0x0, 0xcc, 0x8, 0x11, 0x82, 0xd4, 0x8d, 0x11, 0x21, 0x0, 0x88, 0x88, 0x8c, 0x24, 0x8, 0x0, 0x8c, 0x45, 0xf0, 0xb2, 0x30, 0x24, 0xd, 0x1, 0xcf, 0xf1, 0xff, 0x0, 0x0, 0xdd, 0xd, 0x84, 0x0, 0x3, 0xdd, 0x0, 0x0, 0xcc, 0x0, 0x8, 0x67, 0xdc, 0x2, 0xdd, 0x0, 0x77, 0xc6, 0xd0, 0xd, 0x1, 0x9d, 0xdd, 0x3c, 0x66, 0x66, 0x0, 0xf3, 0x40, 0xeb, 0x11, 0x8f, 0xd0, 0x3, 0x0, 0x0, 0x50, 0x50, 0x11, 0x57, 0x17, 0x1, 0xcd, 0x56, 0x0, 0x0, 0x6, 0x82, 0x15, 0xe, 0x40, 0x0, 0x0, 0xc0, 0xcc, 0x1, 0x6a, 0x66, 0x80, 0x2, 0x93, 0x44, 0xb1, 0xbb, 0x77, 0x4, 0xfe, 0xff, 0x0, 0xff, 0x9, 0x55, 0x55, 0x85, 0xf0, 0x44, 0x44, 0x1, 0x8, 0x0, 0x44, 0x84, 0x88, 0x88, 0xcc, 0x3, 0xf4, 0x40, 0x66, 0x3, 0xf8, 0x44, 0x88, 0x88, 0x58, 0x54, 0xff, 0x0, 0x45, 0x0, 0xf0, 0xff, 0x45, 0x24, 0xff, 0x44, 0x0, 0x55, 0x44, 0x0, 0x40, 0x55, 0x45, 0x55, 0x55, 0x1, 0x55, 0xc5, 0x88, 0xc8, 0x6c, 0x66, 0x68, 0x1, 0x63, 0xc0, 0x0, 0xb, 0x1, 0xa7, 0x68, 0x67, 0x0, 0x80, 0xc2, 0x6c, 0x0, 0x0, 0x10, 0xc2, 0xcd, 0x0, 0x10, 0x91, 0xdd, 0x0, 0x0, 0x10, 0xb8, 0xd2, 0x0, 0x0, 0x78, 0xd3, 0x0, 0x0, 0x0, 0x30, 0xd2, 0x0, 0x40, 0x28, 0xc8, 0x40, 0x22, 0x5, 0x3, 0x21, 0x81, 0x0, 0x90, 0x14, 0x82, 0x0, 0x90, 0xe9, 0x4c, 0x21, 0xc8, 0xcc, 0x4c, 0x33, 0x0, 0xc8, 0xdc, 0x4c, 0x23, 0x83, 0xd8, 0x4d, 0x32, 0x8, 0x12, 0xc8, 0x4d, 0x32, 0x1, 0x78, 0x60, 0x66, 0x77, 0x0, 0xef, 0x66, 0x77, 0x66, 0xff, 0x7e, 0x67, 0x76, 0x0, 0xec, 0x6f, 0x66, 0x77, 0xcc, 0xff, 0x7f, 0x7, 0x0, 0xdd, 0xec, 0xff, 0x0, 0xdd, 0xcd, 0xfe, 0xf, 0x9, 0x0, 0xd, 0xe0, 0xff, 0x3, 0xe8, 0x0, 0x66, 0x3, 0xe5, 0xcd, 0xf3, 0xe8, 0x54, 0xf, 0x76, 0x77, 0x12, 0xa7, 0x30, 0xfb, 0x67, 0x0, 0x49, 0x80, 0x11, 0xd, 0x66, 0x55, 0x66, 0x56, 0x5, 0x0, 0x66, 0x80, 0x12, 0x45, 0x88, 0xd4, 0xcd, 0x88, 0xdd, 0xcd, 0x1c, 0xae, 0x5, 0x12, 0x21, 0x5, 0xee, 0x57, 0x5, 0xf2, 0x4, 0x33, 0x10, 0xb3, 0x76, 0x0, 0x27, 0x0, 0x80, 0x37, 0x63, 0x14, 0xcc, 0x18, 0x1, 0x78, 0x21, 0xcc, 0x85, 0x76, 0x52, 0x4c, 0x0, 0x84, 0x40, 0x54, 0x0, 0x88, 0x55, 0x66, 0x77, 0x56, 0x65, 0x76, 0x0, 0x77, 0x22, 0x62, 0x77, 0x77, 0x65, 0x32, 0x33, 0x36, 0x33, 0x56, 0x5, 0xc3, 0x10, 0x3, 0x67, 0x5, 0xa2, 0x15, 0x93, 0x67, 0xa0, 0x0, 0x10, 0x67, 0x4, 0x0, 0x22, 0x76, 0x85, 0x0, 0x66, 0x3f, 0x85, 0x58, 0xf3, 0xf1, 0x43, 0x3a, 0x12, 0xad, 0x13, 0x41, 0x73, 0x67, 0x0, 0xc5, 0xc0, 0x3, 0x50, 0x60, 0xab, 0x67, 0x77, 0x66, 0x77, 0x76, 0x67, 0x7f, 0x66, 0x12, 0xd3, 0x13, 0x68, 0x12, 0xdc, 0x40, 0x2f, 0x0, 0x3b, 0x93, 0x63, 0x0, 0xd3, 0xfe, 0x10, 0x2d, 0x81, 0xdc, 0x23, 0x97, 0x20, 0x2f, 0x15, 0x23, 0x76, 0xe1, 0x0, 0xf2, 0x0, 0x43, 0x56, 0x3, 0x39, 0x65, 0x55, 0x5, 0x0, 0x11, 0x9a, 0x1, 0xa1, 0x7f, 0x5, 0x71, 0x19, 0x31, 0x18, 0x11, 0x17, 0xd3, 0xc3, 0x60, 0x1b, 0x22, 0x1e, 0x15, 0x96, 0x8, 0x11, 0x12, 0x0, 0x10, 0x5, 0x5b, 0xb0, 0x2b, 0x22, 0xe3, 0x4, 0x2, 0x20, 0x19, 0x30, 0x1a, 0x0, 0x0, 0xc1, 0x10, 0x3, 0x3, 0x45, 0x0, 0xd7, 0xcd, 0xcc, 0xc, 0xdd, 0xdd, 0xdd, 0xdd, 0xfd, 0xf5, 0xa0, 0x77, 0x71, 0x2, 0xae, 0xf7, 0x7e, 0x7, 0x90, 0x12, 0x85, 0x77, 0x2, 0x8a, 0x31, 0x77, 0x67, 0xb7, 0x9d, 0x0, 0xb6, 0x0, 0x55, 0xe5, 0x0, 0x7, 0x2b, 0x55, 0xe, 0x0, 0xbf, 0xe5, 0x10, 0xbf, 0xe5, 0xf1, 0x1f, 0xf1, 0x1f, 0xd5, 0xf1, 0x1f, 0xa1, 0x1f, 0x68, 0x40, 0x3, 0x78, 0x40, 0xb, 0x58, 0x7, 0xf6, 0x40, 0x75, 0x40, 0x3, 0x76, 0xd4, 0xcd, 0x34, 0x32, 0xd5, 0x0, 0xdd, 0x24, 0x33, 0xc6, 0xdd, 0x4c, 0x22, 0xc7, 0x0, 0xcd, 0xcd, 0x24, 0x46, 0xcd, 0xdd, 0x24, 0x56, 0x0, 0xcd, 0xdc, 0x4c, 0x56, 0xdd, 0xcc, 0xdd, 0x66, 0x30, 0xcd, 0xcd, 0x10, 0xee, 0xa8, 0x42, 0xc0, 0xcc, 0xcc, 0xcc, 0x20, 0xdc, 0xdd, 0x0, 0xfb, 0xcd, 0xcc, 0xcc, 0xdd, 0x8c, 0xd0, 0xf7, 0x3b, 0x58, 0x6f, 0xc, 0x44, 0x1f, 0x68, 0x56, 0x84, 0x0, 0x0, 0x65, 0x66, 0x85, 0x0, 0x55, 0x76, 0x56, 0x88, 0x0, 0x57, 0x75, 0x67, 0x56, 0x67, 0x65, 0x77, 0x56, 0x0, 0x62, 0x21, 0x76, 0x77, 0x11, 0x65, 0x62, 0x37, 0x8, 0x66, 0x58, 0x22, 0x73, 0x3, 0x8b, 0x4c, 0x55, 0x55, 0x2c, 0xdc, 0x5d, 0x3, 0xc6, 0x55, 0xf3, 0xbf, 0x15, 0x61, 0x7, 0x0, 0x52, 0x71, 0x0, 0x3, 0x12, 0x5, 0x8a, 0x22, 0x61, 0x0, 0x3, 0x12, 0x0, 0x76, 0x0, 0x22, 0x22, 0x71, 0x0, 0x21, 0x22, 0x7, 0x61, 0x0, 0x11, 0x22, 0x12, 0x22, 0xff, 0xf8, 0xe3, 0xb7, 0xc1, 0xff, 0xf9, 0x3, 0xb6, 0x6f, 0xf9, 0x23, 0xf0, 0x1f, 0xf9, 0x47, 0x99, 0x59, 0xa5, 0xbf, 0x4, 0x64, 0xfd, 0xb6, 0x56, 0x16, 0x27, 0x12, 0x5c, 0xf7, 0xcc, 0xf9, 0x9d, 0xb9, 0x5b, 0x88, 0x0, 0xe0, 0xc0, 0xf9, 0xc1, 0x9, 0xd3, 0xcc, 0x88, 0x0, 0xcc, 0xdc, 0xc1, 0x1f, 0xc8, 0xdc, 0xdd, 0x22, 0xf3, 0x40, 0x3, 0xf2, 0x3f, 0x12, 0x4d, 0xf6, 0x3f, 0xc0, 0xf6, 0x3f, 0x46, 0xcf, 0x67, 0x66, 0x65, 0x67, 0x67, 0x66, 0x1, 0x55, 0x67, 0x76, 0x66, 0x56, 0x77, 0x66, 0x4, 0x4b, 0x80, 0x0, 0x8, 0x88, 0x48, 0x68, 0x8, 0x80, 0x54, 0x8c, 0x0, 0x0, 0x0, 0xc8, 0x66, 0x8, 0x8, 0x80, 0x46, 0xd, 0x84, 0x84, 0x88, 0x54, 0x5, 0x21, 0x20, 0x3, 0x85, 0x27, 0x9f, 0xfe, 0x13, 0xb7, 0x13, 0xbf, 0x7, 0x2b, 0xf6, 0x9f, 0x4, 0x91, 0x0, 0x4b, 0x3, 0xea, 0x65, 0xe4, 0x0, 0x4e, 0x26, 0x9b, 0xe6, 0x9f, 0x80, 0x76, 0x5, 0x3f, 0x21, 0xc7, 0x8, 0x0, 0x10, 0x3c, 0xd1, 0x0, 0x3, 0x8b, 0x0, 0x0, 0x0, 0xa9, 0x17, 0x0, 0x80, 0xc8, 0xbb, 0x0, 0x88, 0x0, 0xc4, 0x9c, 0x88, 0x45, 0xc4, 0x56, 0xcc, 0xdd, 0x0, 0xdd, 0xcc, 0xc5, 0xdd, 0xdd, 0xcd, 0xd2, 0xcc, 0x0, 0x48, 0x84, 0xd2, 0x1c, 0x48, 0x54, 0xb7, 0x13, 0x0, 0x86, 0x84, 0x9a, 0x63, 0x85, 0x88, 0x55, 0x67, 0x2, 0x85, 0x11, 0x67, 0x77, 0xc4, 0x88, 0x45, 0xff, 0x56, 0xf6, 0xf5, 0xff, 0x55, 0xff, 0xfb, 0x1, 0x6, 0x45, 0x6c, 0x26, 0x3, 0x1b, 0x1c, 0x7b, 0x0, 0xbb, 0x2b, 0x0, 0x7b, 0x77, 0x97, 0x0, 0xb0, 0x80, 0x0, 0x3, 0xdd, 0xbd, 0x77, 0xdd, 0xdd, 0xc4, 0x9c, 0x18, 0x66, 0x45, 0xc4, 0x4, 0x9c, 0x25, 0x4f, 0xe6, 0xd2, 0xdd, 0x0, 0xcc, 0xdc, 0xd2, 0x1c, 0x41, 0x44, 0xb7, 0x13, 0x0, 0x44, 0x44, 0x9a, 0x43, 0x74, 0x67, 0x75, 0x77, 0x0, 0x77, 0xd6, 0x77, 0xd6, 0xdd, 0xdd, 0x67, 0xdd, 0x80, 0x6, 0x35, 0xff, 0xff, 0xee, 0xdd, 0xdd, 0xc, 0x0, 0x52, 0xdc, 0x4, 0x8, 0xc5, 0x3, 0x15, 0x56, 0x66, 0x3, 0x13, 0x7d, 0x10, 0x77, 0x67, 0xdd, 0x6, 0x89, 0x1f, 0x11, 0x76, 0x77, 0x16, 0x4c, 0x22, 0x11, 0x8, 0x41, 0x6, 0x18, 0x27, 0x3, 0xef, 0x76, 0x7f, 0x7, 0x54, 0x43, 0xf2, 0x7f, 0xfb, 0xa5, 0xf2, 0xbd, 0xfb, 0xc9, 0x64, 0xf3, 0x90, 0x3, 0xf6, 0xc4, 0xff, 0x13, 0xe3, 0x35, 0xf3, 0x15, 0xf7, 0x58, 0x15, 0xfb, 0xa, 0x33, 0x78, 0x90, 0x4, 0x79, 0x78, 0x36, 0xb, 0x74, 0x63, 0x67, 0xcc, 0xcd, 0x0, 0x11, 0x67, 0xc4, 0x8c, 0x81, 0x67, 0x56, 0x5c, 0x0, 0x66, 0x67, 0x16, 0x21, 0x73, 0x66, 0x12, 0x65, 0x0, 0x37, 0x23, 0x51, 0x88, 0x36, 0x56, 0x85, 0x44, 0x40, 0x78, 0x7, 0x1, 0x58, 0xcc, 0xc8, 0xcc, 0x98, 0x8c, 0x0, 0xc4, 0xdd, 0x8c, 0x74, 0x46, 0xdc, 0xe8, 0x66, 0x0, 0x85, 0x94, 0xfe, 0x85, 0x54, 0xe6, 0xef, 0x51, 0x0, 0x77, 0xff, 0xee, 0x11, 0xfe, 0xee, 0x66, 0xee, 0xd, 0xee, 0x65, 0x76, 0x9f, 0xb, 0xe3, 0x10, 0x3, 0x7f, 0x4, 0xcb, 0x6c, 0x7e, 0x4, 0xd0, 0x7, 0x84, 0x7, 0xa, 0x9f, 0x66, 0x93, 0x88, 0x48, 0x8, 0x66, 0x87, 0x0, 0x48, 0xc, 0x13, 0xc8, 0x6c, 0x86, 0x79, 0x0, 0x2, 0x3f, 0x32, 0x37, 0x20, 0x3, 0x7, 0x69, 0x88, 0x88, 0xf9, 0x43, 0x9b, 0xcb, 0x23, 0x22, 0x2, 0x3, 0xf3, 0x3c, 0xc5, 0x4, 0xc, 0xcc, 0xc, 0x56, 0x2f, 0x0, 0x45, 0xc, 0x62, 0x45, 0x38, 0x27, 0xfc, 0xde, 0xf6, 0x7f, 0x5b, 0x4e, 0xfa, 0xb6, 0x7f, 0xa, 0x97, 0x17, 0x2f, 0x39, 0x81, 0xa7, 0x3f, 0x6, 0x9, 0x3a, 0x0, 0xff, 0x67, 0x3f, 0xf3, 0xbf, 0xfd, 0x52, 0xfd, 0x64, 0xf3, 0xbf, 0xf3, 0xbf, 0x23, 0xbf, 0xfd, 0x9f, 0xff, 0xfd, 0x9f, 0xfd, 0xc3, 0x6c, 0xbb, 0xfd, 0xde, 0xcc, 0xbc, 0xf7, 0x5f, 0xf7, 0x5f, 0xf7, 0x5f, 0xea, 0xa7, 0x5f, 0xfd, 0xe3, 0xce, 0x0, 0x67, 0xe, 0x5, 0x32, 0xc, 0x2, 0x77, 0x20, 0x32, 0x86, 0x8, 0xab, 0x73, 0x8, 0x88, 0x78, 0x37, 0x83, 0xd, 0xd3, 0x77, 0x3, 0x99, 0x0, 0x78, 0x3a, 0xe2, 0xfe, 0x84, 0xa0, 0x28, 0xcf, 0x76, 0xc, 0xa4, 0x75, 0x67, 0x18, 0x64, 0x64, 0x1c, 0x85, 0x10, 0x81, 0x9, 0x57, 0xf9, 0xbf, 0x1b, 0x60, 0x55, 0xc6, 0x7, 0xee, 0x45, 0x64, 0x57, 0x65, 0x1a, 0xce, 0xf9, 0xdf, 0x1b, 0x9f, 0x3, 0xc0, 0x4c, 0x0, 0x0, 0xdc, 0x5d, 0x0, 0x3, 0xa, 0xdb, 0x51, 0xc0, 0xee, 0xee, 0xee, 0x18, 0x17, 0xee, 0xee, 0xff, 0x2a, 0x23, 0x8d, 0xfa, 0x20, 0x67, 0x0, 0xee, 0x13, 0xc6, 0x1a, 0x41, 0x76, 0xa8, 0x63, 0xc0, 0x18, 0x66, 0xb, 0x46, 0x76, 0xef, 0x76, 0x67, 0x54, 0x76, 0x88, 0x3, 0xf0, 0x77, 0x77, 0xdc, 0x0, 0x3, 0xdd, 0xdd, 0x77, 0x40, 0xc6, 0x0, 0x3, 0xcc, 0xdd, 0xbb, 0x17, 0xcc, 0xbb, 0x11, 0xbb, 0x16, 0x51, 0x9, 0xaf, 0x24, 0x22, 0x12, 0x0, 0x3, 0x1, 0x22, 0xcd, 0x1c, 0x22, 0x22, 0xdd, 0xcc, 0x0, 0x3, 0x0, 0xcd, 0x22, 0x22, 0xbb, 0x14, 0x21, 0x22, 0x77, 0x3, 0x67, 0x11, 0x11, 0x67, 0xf6, 0x14, 0xff, 0x41, 0x3f, 0x73, 0x50, 0xc8, 0xf, 0x3a, 0x68, 0xe, 0xd6, 0x48, 0x0, 0xa8, 0x77, 0x0, 0x4, 0x80, 0xe4, 0xff, 0x9, 0x48, 0x54, 0x85, 0x2a, 0x0, 0x48, 0x4a, 0x7f, 0xcd, 0xe, 0x74, 0x67, 0x3a, 0x7f, 0x88, 0x48, 0x58, 0xa, 0x7f, 0x80, 0x5e, 0xb, 0x28, 0x48, 0x55, 0x84, 0x12, 0x0, 0x80, 0x54, 0x2, 0xf6, 0x48, 0xc5, 0xe, 0x93, 0x6c, 0xbf, 0xe, 0x97, 0x48, 0x1d, 0x2b, 0xf4, 0xff, 0xbb, 0x5, 0xfe, 0xdd, 0xff, 0xf1, 0x82, 0x6b, 0xb8, 0x8, 0x2b, 0x80, 0xe, 0x77, 0x20, 0x3, 0x8, 0x9d, 0x80, 0x77, 0x5e, 0xfd, 0xa, 0xb, 0x83, 0x33, 0xa1, 0x3b, 0xd, 0xda, 0x2d, 0x3, 0xc1, 0x52, 0x6, 0x0, 0x16, 0xee, 0x3b, 0x69, 0xff, 0xb0, 0xbf, 0x86, 0x80, 0xff, 0xd2, 0x7f, 0xd7, 0x2, 0x42, 0x8c, 0xff, 0xff, 0x7e, 0xff, 0xf, 0xf6, 0x7f, 0x9d, 0x23, 0x19, 0xbe, 0x20, 0x3, 0x1c, 0x1f, 0xf6, 0xdf, 0x0, 0x66, 0x88, 0x80, 0x88, 0x8, 0x8c, 0x68, 0x77, 0x35, 0x86, 0x58, 0x1a, 0x9b, 0x1, 0x74, 0x77, 0xf, 0xee, 0x87, 0xf, 0xff, 0xef, 0xa, 0xea, 0x7e, 0x63, 0xe, 0xfc, 0x86, 0xe, 0xad, 0xde, 0xde, 0x1c, 0xff, 0xff, 0xff, 0xec, 0xb2, 0xdf, 0xff, 0xff, 0xe0, 0x3f, 0x18, 0xf, 0x8b, 0xf, 0x56, 0x38, 0x41, 0x0, 0x0, 0x80, 0x23, 0x12, 0x0, 0x80, 0x13, 0x12, 0x0, 0x0, 0x28, 0x12, 0x11, 0x0, 0x18, 0x12, 0x88, 0x0, 0x0, 0x18, 0x88, 0x12, 0x88, 0x18, 0x8, 0x80, 0x0, 0x41, 0x11, 0x84, 0x58, 0x11, 0xc4, 0xcc, 0x4c, 0x40, 0x41, 0x7, 0xc, 0xc4, 0xdd, 0xcd, 0x4c, 0xdc, 0xcd, 0x0, 0x44, 0xc8, 0x48, 0xcd, 0xc8, 0x65, 0xc1, 0xc4, 0x4, 0x58, 0x66, 0x88, 0x11, 0x51, 0xc, 0x88, 0x26, 0x32, 0x61, 0x58, 0xb, 0xb3, 0x0, 0xc7, 0x77, 0x44, 0x88, 0x77, 0x19, 0x62, 0x4e, 0x88, 0x0, 0xcb, 0x0, 0x77, 0x10, 0xc4, 0xff, 0x92, 0x6f, 0x43, 0x46, 0xfc, 0xff, 0xaf, 0x2d, 0x82, 0x3e, 0x33, 0x34, 0x7b, 0x1f, 0xa0, 0x7, 0xfd, 0x0, 0xcc, 0xa6, 0xf, 0xfc, 0xcd, 0xf, 0xf7, 0xbd, 0x9, 0x7, 0x32, 0x5, 0x88, 0x47, 0x88, 0xc, 0x49, 0x64, 0xf7, 0x4, 0x15, 0xfb, 0x7, 0x9f, 0x7, 0x17, 0x0, 0x70, 0x7f, 0xf, 0x29, 0x79, 0xf, 0x2e, 0x15, 0xff, 0x3b, 0xb1, 0xb4, 0xc, 0xd4, 0x76, 0x8, 0x45, 0xc, 0x9, 0x76, 0x0, 0x4, 0x67, 0x76, 0x2d, 0x67, 0x6, 0x0, 0x2, 0x0, 0x35, 0x71, 0xef, 0x43, 0x10, 0xf3, 0x1f, 0xdf, 0x33, 0x1f, 0x1b, 0x7f, 0x81, 0xf3, 0x1f, 0x63, 0x1f, 0xff, 0xfb, 0x25, 0x33, 0x5, 0x37, 0x98, 0x2, 0x5c, 0x8, 0x80, 0x1, 0x5b, 0x6a, 0x7, 0x84, 0x80, 0x80, 0x0, 0xc4, 0xcd, 0x80, 0xd8, 0xdc, 0x4c, 0x18, 0xdc, 0x22, 0xcd, 0x54, 0xe, 0xdc, 0x88, 0x13, 0x4c, 0x89, 0x5f, 0x80, 0x1c, 0x88, 0x88, 0x84, 0x1, 0x3f, 0xc, 0xfa, 0xd, 0x72, 0x77, 0x86, 0x3, 0x88, 0x66, 0x77, 0x8, 0xc1, 0x88, 0x4, 0xd4, 0x25, 0x85, 0x7f, 0x8, 0x2a, 0x45, 0x92, 0x13, 0xfa, 0x3f, 0xff, 0xff, 0xfa, 0x7f, 0xff, 0xd5, 0xfa, 0x7f, 0xff, 0xfa, 0x9f, 0xff, 0x62, 0xff, 0x74, 0x5f, 0x3f, 0x12, 0xb7, 0xb7, 0x1f, 0xa5, 0x1f, 0xf6, 0x4f, 0xef, 0x28, 0x1f, 0x6c, 0x1b, 0xe6, 0x6f, 0x56, 0xf4, 0x7f, 0xa4, 0x7f, 0xf0, 0x7f, 0xc7, 0x9f, 0x0, 0x88, 0x80, 0x8, 0x88, 0x18, 0x28, 0x88, 0x86, 0x0, 0x12, 0x32, 0x48, 0x86, 0x13, 0x23, 0xc4, 0x28, 0x20, 0x23, 0x13, 0x0, 0x3, 0x12, 0x41, 0x18, 0x13, 0x12, 0x80, 0x0, 0x13, 0x88, 0x12, 0xd8, 0x8c, 0x88, 0xcc, 0xdc, 0x40, 0x44, 0x9, 0x41, 0xc4, 0xdd, 0x4c, 0x4d, 0xdc, 0x4d, 0x4, 0x54, 0xcd, 0xdd, 0x4c, 0x65, 0x1, 0x9e, 0x76, 0x48, 0x0, 0xcd, 0x56, 0x77, 0xc1, 0xc4, 0x75, 0x77, 0x75, 0x20, 0x67, 0x88, 0x6, 0x1f, 0x11, 0x81, 0x88, 0x18, 0x21, 0x20, 0x11, 0x65, 0xb, 0xf0, 0x16, 0x21, 0x82, 0x88, 0x81, 0xe0, 0x8, 0x4e, 0x5e, 0x78, 0x6, 0x1f, 0x48, 0x45, 0x64, 0x67, 0x4c, 0x0, 0xc8, 0x6d, 0xc7, 0x54, 0x41, 0xd5, 0xd6, 0xdc, 0x4, 0x88, 0xc4, 0xdc, 0xdd, 0x80, 0xa, 0x34, 0x80, 0xcc, 0x3, 0xbb, 0xa9, 0x0, 0x58, 0x66, 0x84, 0xff, 0x36, 0xb3, 0xbf, 0x4, 0x8, 0x80, 0xc8, 0x98, 0x88, 0x98, 0xdf, 0x0, 0xef, 0x5, 0x9e, 0x0, 0x0, 0xff, 0x79, 0xf, 0x6e, 0x65, 0x1f, 0x72, 0xee, 0x28, 0xdf, 0x6, 0xc5, 0x92, 0xdf, 0x57, 0x42, 0xdf, 0xb, 0xf6, 0x22, 0xdf, 0x70, 0xf4, 0x30, 0x4, 0xf9, 0xde, 0x50, 0x3f, 0xf, 0x43, 0x6f, 0x0, 0x89, 0x69, 0x75, 0xa5, 0x2, 0x47, 0x56, 0x3, 0x75, 0x88, 0x65, 0x4, 0x62, 0x88, 0x10, 0x5f, 0x38, 0x88, 0x0, 0x3, 0xa9, 0xfa, 0xff, 0x8a, 0xff, 0xcd, 0x68, 0x76, 0x9, 0xc5, 0xdc, 0x84, 0x56, 0xfa, 0xff, 0x85, 0x0, 0x1a, 0xff, 0x24, 0x67, 0x88, 0xf0, 0xbf, 0x0, 0xf0, 0x0, 0xbf, 0xff, 0x5f, 0x89, 0xf, 0x1b, 0x66, 0x77, 0x88, 0x19, 0x30, 0x88, 0x45, 0x44, 0xc5, 0xe3, 0xff, 0xad, 0xf2, 0x1f, 0xe, 0x2f, 0x80, 0x88, 0x16, 0x5d, 0x37, 0xf6, 0x7f, 0xf7, 0xb6, 0x7f, 0xf, 0xc2, 0x29, 0x35, 0xf, 0x26, 0x76, 0x1f, 0xac, 0x47, 0xda, 0xff, 0x15, 0xf8, 0xff, 0x27, 0xfd, 0x9f, 0xff, 0x4b, 0xfd, 0x9f, 0xed, 0xde, 0x18, 0x18, 0x0, 0x16, 0x58, 0x16, 0x22, 0x6, 0xb6, 0x21, 0xe, 0xce, 0x0, 0xb7, 0x78, 0xe0, 0x1a, 0xe7, 0x1a, 0xf3, 0x2e, 0x9b, 0x23, 0x8c, 0x76, 0x67, 0x21, 0x0, 0x84, 0x21, 0xc7, 0x11, 0x12, 0x3c, 0xd1, 0x21, 0x0, 0x11, 0x3c, 0x8b, 0x56, 0x65, 0xa9, 0x17, 0x77, 0x8, 0x86, 0xc8, 0xbb, 0x56, 0x71, 0x5f, 0x8, 0xc5, 0xdd, 0x3c, 0x88, 0x46, 0xfc, 0x5f, 0x31, 0x5f, 0xc, 0x8b, 0xb2, 0x1f, 0x4, 0x90, 0xfe, 0xc5, 0xf6, 0xf8, 0x7f, 0x9f, 0xf6, 0x32, 0xbf, 0x9, 0xa9, 0xf5, 0x6b, 0xe2, 0xbf, 0x40, 0xbf, 0x2, 0xbf, 0x80, 0xc2, 0xbf, 0x16, 0x83, 0xf5, 0x7f, 0x75, 0x7f, 0xff, 0x81, 0xff, 0x91, 0xfe, 0xfa, 0x53, 0xf8, 0x7f, 0xf8, 0x7f, 0xf8, 0x7f, 0xf8, 0x7f, 0xf3, 0xff, 0xd4, 0x7f, 0x86, 0x0, 0x81, 0x76, 0x67, 0x67, 0x88, 0x21, 0xc7, 0x67, 0x0, 0x16, 0x3c, 0xd1, 0x78, 0x16, 0x3c, 0x8b, 0x80, 0x4f, 0x68, 0xd2, 0xdf, 0x78, 0x67, 0xf2, 0xdf, 0x81, 0x7f, 0xff, 0xdc, 0xf9, 0x3f, 0xe2, 0xf9, 0x3f, 0x69, 0x3f, 0xf3, 0x7f, 0x46, 0x8, 0x66, 0x3, 0x7f, 0x81, 0x1f, 0x8, 0x88, 0x65, 0xc, 0xba, 0x23, 0x14, 0xf6, 0xdf, 0x76, 0xdf, 0xf2, 0xcf, 0xff, 0xfd, 0xc1, 0xff, 0xd6, 0xfd, 0xdf, 0xff, 0xfa, 0xf2, 0x1f, 0xff, 0xeb, 0xf2, 0x1f, 0xe2, 0x1f, 0xd, 0x70, 0x67, 0x66, 0x8c, 0xf, 0xd7, 0x7, 0x9f, 0x77, 0xf7, 0x9f, 0xfb, 0x20, 0xbf, 0xff, 0x2, 0xfc, 0x9f, 0xfe, 0x97, 0xf, 0x38, 0xc1, 0x1e, 0x99, 0x5, 0x1f, 0x40, 0x80, 0x9d, 0xff, 0x65, 0x96, 0x99, 0x11, 0x11, 0x11, 0x5f, 0x51, 0x0, 0x3, 0x11, 0x5, 0x8e, 0xaa, 0xdf, 0xf6, 0x7f, 0xfe, 0xda, 0xfd, 0x1f, 0xff, 0xff, 0xa1, 0xa0, 0x7f, 0xff, 0xc0, 0x3d, 0x15, 0x1d, 0x5d, 0xf8, 0xdf, 0xe9, 0x9f, 0x36, 0x3f, 0x0, 0x82, 0x85, 0x88, 0x28, 0x81, 0x15, 0x18, 0x11, 0x0, 0x58, 0x11, 0x80, 0x58, 0x16, 0x21, 0x58, 0x66, 0x2d, 0x11, 0x82, 0xf, 0x77, 0x8, 0x19, 0xdf, 0xd6, 0x3f, 0x81, 0x6, 0x3f, 0x60, 0x88, 0x86, 0x3f, 0x36, 0x7f, 0x81, 0x81, 0x88, 0x88, 0x82, 0x1, 0x11, 0x0, 0x80, 0x83, 0x11, 0x0, 0x38, 0x0, 0x7, 0x15, 0x28, 0x11, 0x18, 0x9, 0x9b, 0x18, 0xa, 0x3a, 0x18, 0xf0, 0x3f, 0x15, 0xdc, 0xdd, 0x81, 0x9, 0xa7, 0x81, 0x6, 0x7f, 0x11, 0xf6, 0x7f, 0x87, 0xea, 0x3f, 0x66, 0x62, 0x8, 0x0, 0x56, 0xcf, 0xf9, 0x8e, 0xf1, 0x7f, 0x0, 0x85, 0x54, 0x95, 0x99, 0x51, 0x76, 0x77, 0x56, 0x7f, 0x11, 0x0, 0x4, 0x1, 0x86, 0xad, 0xcb, 0xff, 0x47, 0xf8, 0x7f, 0xfe, 0x22, 0xff, 0x44, 0xff, 0xf8, 0xdf, 0xff, 0xa1, 0xf8, 0xdd, 0xff, 0xc5, 0xf4, 0xff, 0xff, 0xe9, 0xf4, 0xff, 0xf7, 0xbf, 0xff, 0xff, 0xe4, 0xff, 0xf6, 0xff, 0x9a, 0xff, 0xac, 0xff, 0xbe, 0xf6, 0xdf, 0xf8, 0xdf, 0xf9, 0x5f, 0xff, 0xf2, 0xdf, 0xff, 0xff, 0xff, 0xf7, 0xff, 0xe9, 0xff, 0xfb, 0xff, 0xed, 0xff, 0xff, 0xff, 0xf2, 0xf2, 0xff, 0xff, 0xa9, 0xde, 0xf8, 0x5f, 0xa8, 0x5f, 0x8, 0x0, 0x6, 0xff, 0x0, 0x90, 0xf8, 0x5f, 0x85, 0x11, 0x18, 0x5f, 0x18, 0x21, 0x22, 0x82, 0x0, 0x8c, 0x21, 0x22, 0x8, 0xcc, 0x18, 0x11, 0x8, 0xf8, 0xe, 0x97, 0xf5, 0x1f, 0xff, 0xe0, 0xf0, 0x7f, 0x58, 0xdf, 0x18, 0x3c, 0x8b, 0x0, 0x88, 0x21, 0xa9, 0x17, 0x33, 0x82, 0xc8, 0xbb, 0x59, 0x12, 0x70, 0x7f, 0x88, 0xf7, 0x7f, 0x70, 0x7f, 0x66, 0x86, 0xf7, 0x7f, 0xff, 0xd, 0x2c, 0x6d, 0x9b, 0xf9, 0x5f, 0xc9, 0x5f, 0xff, 0x80, 0xff, 0x7f, 0xff, 0x7f, 0x6f, 0x7f, 0xef, 0x1c, 0x44, 0xcb, 0x17, 0xaf, 0xbf, 0x11, 0xf, 0xbf, 0xfc, 0x9f, 0xf6, 0x7f, 0x99, 0xff, 0x40, 0x15, 0x9, 0xff, 0x27, 0x86, 0x88, 0x65, 0x77, 0x73, 0x6c, 0x8, 0xfb, 0x3f, 0xcb, 0xbf, 0x18, 0x5, 0x6b, 0x1, 0x7f, 0x11, 0xcc, 0x8, 0x18, 0x22, 0x22, 0xcd, 0x0, 0x3, 0xbd, 0x19, 0x21, 0x3, 0x82, 0x7b, 0x14, 0x11, 0x8, 0x47, 0xd, 0xdf, 0xf5, 0xdf, 0x80, 0xff, 0xeb

.align 2, 0
Anim_BANIM_AlearLord_Sword_Sheet_2:
.byte  0x10, 0x0, 0x20, 0x0, 0x37, 0x0, 0x0, 0xf0, 0x1, 0x80, 0x13, 0x88, 0xf0, 0x1f, 0xf0, 0x1c, 0x20, 0x43, 0x0, 0x80, 0xc8, 0x98, 0x84, 0xc4, 0xdd, 0x8c, 0x76, 0x0, 0x46, 0xdc, 0xe8, 0x65, 0x85, 0x94, 0xfe, 0x88, 0x1, 0x77, 0x97, 0x99, 0x11, 0x51, 0x76, 0x77, 0x10, 0x5f, 0x48, 0x99, 0x0, 0x64, 0x9f, 0x8, 0x0, 0x3, 0x44, 0x0, 0x0, 0x0, 0x5f, 0x75, 0x45, 0x0, 0x69, 0x55, 0x76, 0x45, 0x0, 0x88, 0x88, 0x58, 0x76, 0x27, 0x87, 0x80, 0x48, 0xd6, 0xf0, 0x7f, 0x30, 0x91, 0x45, 0x0, 0x98, 0x65, 0x10, 0x4, 0x60, 0xa0, 0xc0, 0x5, 0x4c, 0x0, 0x0, 0xdc, 0x5d, 0x0, 0x3, 0xcc, 0x0, 0xb, 0xfe, 0x90, 0xa2, 0xf0, 0xa3, 0xa0, 0x1d, 0xf0, 0x1f, 0xf0, 0xf3, 0xf1, 0x5, 0x30, 0xfb, 0x80, 0x60, 0x76, 0xf1, 0x1f, 0x30, 0x71, 0x12, 0xc1, 0x88, 0x0, 0x67, 0x3d, 0xcc, 0xcd, 0x0, 0xd5, 0xf1, 0x41, 0x10, 0xac, 0x1, 0x57, 0xdc, 0x40, 0x3, 0xa0, 0x21, 0x44, 0xc8, 0x1, 0x49, 0x84, 0xcc, 0x8, 0x0, 0x74, 0x0, 0x86, 0x8c, 0x8, 0x68, 0x67, 0x88, 0x0, 0x81, 0x1, 0x76, 0xc8, 0x98, 0x18, 0x51, 0xdd, 0x8c, 0xf1, 0x7f, 0xd4, 0x81, 0x2f, 0xf0, 0x5d, 0x0, 0x10, 0x70, 0x46, 0x1, 0x4b, 0x88, 0x46, 0xfc, 0x11, 0x9d, 0x21, 0x20, 0xf1, 0xa3, 0xf0, 0xff, 0xf1, 0xe6, 0xf1, 0xea, 0x88, 0x0, 0x0, 0x88, 0x12, 0xc1, 0x80, 0x76, 0x67, 0xcc, 0x80, 0x0, 0x21, 0xc7, 0xc5, 0x10, 0x3c, 0xd1, 0xd2, 0x10, 0x15, 0x3c, 0x8b, 0xd2, 0xd0, 0x7b, 0x8d, 0x2, 0x30, 0xdd, 0x1, 0xcb, 0x4c, 0xcc, 0x0, 0xb9, 0x1c, 0x88, 0x90, 0xfe, 0x1, 0xcb, 0xcc, 0x54, 0x0, 0x77, 0xc0, 0xdd, 0x45, 0x56, 0xc0, 0xcd, 0x8c, 0x5, 0x88, 0x0, 0xc, 0x0, 0x80, 0x2, 0x5b, 0x38, 0xf0, 0xbf, 0x20, 0x0, 0x0, 0x1, 0xc8, 0x0, 0xcc, 0x98, 0x9, 0x0, 0x1b, 0x4d, 0xf9, 0x9, 0xf2, 0x7e, 0x80, 0xe7, 0x85, 0xf1, 0xbf, 0xf2, 0xa0, 0xfe, 0xf1, 0xdf, 0xf2, 0xd2, 0xf2, 0xe4, 0x62, 0xb5, 0xf2, 0xff, 0x32, 0xcd, 0x2, 0x37, 0x18, 0x0, 0x21, 0x33, 0x12, 0x84, 0x0, 0x80, 0x11, 0x44, 0x0, 0x80, 0x58, 0x77, 0xc6, 0x38, 0x13, 0xc1, 0x5c, 0x0, 0x18, 0x32, 0x3d, 0xcc, 0x40, 0xb1, 0x38, 0xcd, 0x0, 0x28, 0x78, 0xb1, 0x1d, 0x81, 0x78, 0x77, 0x23, 0xf, 0x26, 0x86, 0xba, 0x83, 0x51, 0x93, 0x11, 0xc8, 0x12, 0xd, 0x11, 0x1b, 0x57, 0xdc, 0x2, 0xeb, 0xc1, 0x1, 0xd9, 0x81, 0xf1, 0xdd, 0xe1, 0xcb, 0x10, 0x68, 0xfe, 0xf3, 0x83, 0xb1, 0xef, 0xf3, 0xa3, 0xf3, 0xa3, 0xf3, 0xc7, 0xf3, 0xd9, 0x23, 0x2b, 0x80, 0x2, 0x21, 0x33, 0x0, 0x28, 0x88, 0x11, 0x3, 0xb0, 0x12, 0xa, 0x0, 0x0, 0x28, 0x81, 0x3, 0xe2, 0x12, 0x2, 0xe6, 0x67, 0x98, 0x0, 0x17, 0xc7, 0x0, 0x1, 0xf4, 0x0, 0x3, 0x8b, 0x0, 0x0, 0x20, 0xa9, 0x17, 0x3, 0xcf, 0xbb, 0x0, 0x80, 0xc4, 0x9c, 0xa0, 0x2, 0xe6, 0x0, 0x12, 0xe6, 0xc5, 0xdd, 0x88, 0x0, 0xd2, 0x0, 0xcc, 0x48, 0x84, 0xd2, 0x1c, 0x48, 0x54, 0xb7, 0x0, 0x13, 0x86, 0x84, 0x9a, 0x63, 0x85, 0x88, 0x55, 0xa, 0x67, 0x85, 0x11, 0x11, 0x3, 0xe4, 0x18, 0x0, 0x4, 0x8c, 0x0, 0x21, 0x22, 0x11, 0xcc, 0x18, 0x22, 0x22, 0xcd, 0x80, 0x0, 0x3, 0xbd, 0x19, 0x21, 0x82, 0x7b, 0x14, 0x11, 0x0, 0x8, 0x47, 0x67, 0x81, 0x0, 0x77, 0x73, 0x8, 0x3, 0x0, 0x66, 0x62, 0x8, 0x0, 0x81, 0x2, 0x2b, 0x13, 0x2c, 0x97, 0xd3, 0x30, 0x88, 0x88, 0x14, 0x2, 0x80, 0xf4, 0x67, 0xf4, 0x98, 0xc1, 0xb7, 0x28, 0x80, 0x58, 0x2, 0x5e, 0x13, 0xf4, 0xbf, 0x0, 0x0, 0x11, 0x81, 0x4, 0x67, 0x77, 0xc6, 0x8, 0x0, 0xc1, 0x5c, 0xf3, 0x5e, 0xd3, 0x64, 0x8f, 0x4, 0xf8, 0x9e, 0x34, 0xb8, 0x21, 0x0, 0x0, 0xf8, 0x30, 0x3, 0x0, 0x85, 0xa9, 0x0, 0x88, 0x87, 0xc4, 0x4c, 0x75, 0x0, 0x45, 0xc8, 0x5d, 0x64, 0x88, 0xc8, 0xcc, 0x88, 0x0, 0x18, 0x88, 0xc7, 0xc5, 0xdd, 0x8c, 0xd1, 0xd2, 0x10, 0xcc, 0x88, 0x8b, 0x0, 0xf8, 0x17, 0xb7, 0x13, 0x46, 0x50, 0xbb, 0x0, 0xf8, 0x9c, 0x0, 0xf8, 0x56, 0x67, 0x77, 0x84, 0xe, 0x64, 0x77, 0x55, 0x86, 0x43, 0xeb, 0xf5, 0x46, 0x45, 0x58, 0x86, 0x0, 0x18, 0xdc, 0xe8, 0x4c, 0x8c, 0x94, 0xfe, 0xd4, 0x0, 0xcd, 0x98, 0x99, 0xdd, 0xdd, 0x18, 0x76, 0xdc, 0x0, 0xcd, 0x18, 0x61, 0x99, 0xbb, 0x19, 0x11, 0xb4, 0x0, 0x66, 0x15, 0x11, 0x54, 0x77, 0x46, 0x88, 0x6f, 0x0, 0x84, 0x0, 0x0, 0x69, 0x75, 0x8, 0x0, 0x88, 0x0, 0x56, 0x46, 0x8, 0x27, 0x88, 0x65, 0x87, 0x27, 0x0, 0x87, 0x88, 0x65, 0x36, 0x87, 0x0, 0x88, 0x68, 0xff, 0x13, 0xe3, 0x35, 0x82, 0xf4, 0x63, 0xf2, 0x17, 0x45, 0x83, 0xf2, 0xab, 0xf4, 0x3f, 0xb2, 0xab, 0x0, 0x80, 0xa9, 0x17, 0xb7, 0x48, 0xc8, 0xbb, 0x9a, 0x0, 0x48, 0xc8, 0x9c, 0x88, 0x44, 0xc8, 0xd3, 0x6d, 0x0, 0x48, 0x68, 0x75, 0x76, 0x81, 0x48, 0x76, 0x67, 0x0, 0x12, 0x18, 0x58, 0x44, 0x81, 0x11, 0x88, 0x65, 0x80, 0x1, 0xea, 0x0, 0x63, 0x85, 0x84, 0x0, 0x26, 0x48, 0x0, 0x54, 0x8, 0x52, 0x84, 0x78, 0x86, 0x47, 0x18, 0x0, 0x68, 0x57, 0x45, 0x18, 0x81, 0x46, 0xcd, 0x85, 0x4, 0x11, 0xc8, 0xcc, 0x8c, 0x11, 0x4, 0xe3, 0x80, 0x32, 0xca, 0x5, 0xfc, 0x3, 0x7, 0x28, 0x82, 0x6, 0x2e, 0x18, 0x4, 0xa1, 0x28, 0xa0, 0x6, 0xc, 0x22, 0x51, 0xd3, 0x94, 0xef, 0x9, 0x0, 0xee, 0x40, 0x4f, 0x0, 0xdf, 0x46, 0x85, 0x0, 0x67, 0x68, 0x65, 0x0, 0x8, 0x77, 0x85, 0x57, 0x4, 0x23, 0x42, 0x78, 0x0, 0x85, 0x76, 0x47, 0x80, 0x56, 0x81, 0x88, 0x0, 0x6a, 0x68, 0x14, 0xc6, 0x10, 0xeb, 0x80, 0x15, 0xf0, 0x58, 0x10, 0x90, 0x4, 0x8f, 0x26, 0x76, 0x8, 0x0, 0x80, 0xd5, 0x5b, 0x14, 0x4f, 0x0, 0x5b, 0xe3, 0xbb, 0x80, 0x53, 0xab, 0x81, 0x88, 0x11, 0x11, 0x48, 0x80, 0x12, 0x0, 0x11, 0x88, 0x28, 0x81, 0x88, 0x48, 0xc8, 0x5c, 0x7, 0x66, 0x58, 0xdc, 0xcd, 0x45, 0x16, 0xbf, 0x50, 0x33, 0x95, 0x93, 0x80, 0x66, 0xd7, 0x88, 0x11, 0x81, 0x84, 0x80, 0x88, 0x85, 0x4, 0x84, 0x5c, 0x66, 0x85, 0x58, 0x0, 0x2e, 0x80, 0xcc, 0x18, 0x88, 0x0, 0x18, 0x3, 0x24, 0x3, 0x1f, 0x18, 0x81, 0x80, 0x80, 0x0, 0x1c, 0x54, 0xd2, 0x14, 0x26, 0x76, 0xc6, 0x32, 0x0, 0x73, 0x56, 0x77, 0x46, 0x84, 0x44, 0x55, 0xcc, 0x0, 0x58, 0xd8, 0x76, 0xcd, 0x58, 0xc8, 0x67, 0x8c, 0x0, 0x41, 0x44, 0x4c, 0x88, 0x81, 0xcc, 0xdd, 0x4c, 0x2b, 0x88, 0x67, 0x6, 0xc1, 0x48, 0x1, 0xc3, 0x44, 0x1, 0xc7, 0x16, 0x89, 0x55, 0x57, 0x6, 0xe7, 0x67, 0x6, 0xeb, 0x76, 0x4, 0xbc, 0x64, 0x1, 0xdb, 0xaa, 0x14, 0xc3, 0x56, 0x6, 0xfb, 0x68, 0x0, 0xd6, 0x80, 0x12, 0x2d, 0x58, 0xe0, 0x10, 0x8, 0x14, 0xd9, 0x22, 0xf7, 0x8, 0x68, 0xc7, 0x84, 0x0, 0x3, 0x44, 0x65, 0x8, 0x0, 0x54, 0x84, 0x2, 0x3, 0x15, 0xd7, 0xce, 0x16, 0xb0, 0x80, 0x4, 0x80, 0x44, 0x1, 0x9, 0x87, 0x85, 0x6, 0xcf, 0x8, 0xe3, 0x80, 0x23, 0xf4, 0xc3, 0xd4, 0x33, 0x80, 0xc8, 0x5c, 0x7, 0x37, 0x2, 0x7, 0xc0, 0x17, 0x37, 0xe7, 0x2b, 0x80, 0x0, 0x48, 0xc4, 0x56, 0x88, 0x0, 0x65, 0x88, 0x64, 0x75, 0x87, 0x81, 0x81, 0x64, 0x0, 0x85, 0x82, 0x11, 0x88, 0x88, 0x83, 0x11, 0x0, 0x1, 0x38, 0x82, 0x11, 0x0, 0x28, 0x11, 0x18, 0x1, 0x9, 0x0, 0x18, 0x67, 0x77, 0xc4, 0x88, 0x77, 0x55, 0xc6, 0x0, 0x48, 0x45, 0x64, 0x67, 0x4c, 0xc8, 0x6d, 0xc7, 0x0, 0x54, 0x41, 0xd5, 0xd6, 0xdc, 0x81, 0xc4, 0xdc, 0x60, 0xdd, 0x0, 0xfc, 0x0, 0x3, 0xbb, 0xa9, 0x64, 0xf7, 0x8, 0x0, 0x0, 0x58, 0xff, 0x85, 0x8, 0x80, 0x5e, 0x45, 0x9, 0x84, 0x0, 0x48, 0x55, 0x7, 0xd7, 0x48, 0xc5, 0x7, 0x73, 0x5f, 0x6c, 0x7, 0x77, 0x48, 0xd7, 0x7b, 0x17, 0x2c, 0x13, 0x30, 0x7, 0xfc, 0x10, 0x3, 0x83, 0x17, 0x9a, 0x8, 0xdc, 0xcc, 0x88, 0x81, 0x14, 0x95, 0x8, 0x87, 0xd5, 0x2, 0x3b, 0x21, 0x77, 0x11, 0x5, 0x73, 0x11, 0x0, 0x6, 0x11, 0x0, 0x6, 0xa0, 0x8, 0x7f, 0x18, 0x2, 0x5f, 0x40, 0xb1, 0x0, 0x80, 0x28, 0x0, 0x78, 0x88, 0x18, 0xd1, 0x78, 0x12, 0x81, 0xcd, 0x4, 0x86, 0x11, 0x48, 0x28, 0x52, 0x2, 0x9a, 0xc2, 0x88, 0xa0, 0x2, 0xa7, 0x3d, 0x7, 0x83, 0x38, 0xcd, 0xdd, 0x8, 0xb1, 0x0, 0x1d, 0xdc, 0x8, 0x77, 0x23, 0xc1, 0x8c, 0xba, 0x0, 0x83, 0x81, 0x8c, 0x14, 0x26, 0x67, 0x48, 0x32, 0x1, 0x73, 0x48, 0x84, 0x45, 0x84, 0x44, 0x84, 0x3, 0x5e, 0x28, 0x0, 0x54, 0x8, 0x7b, 0x56, 0x3, 0xa9, 0x78, 0x45, 0x8, 0x20, 0x0, 0x87, 0x1, 0xa0, 0x63, 0x68, 0x85, 0x0, 0x86, 0xc, 0x80, 0x56, 0x8, 0x8, 0x21, 0x95, 0x15, 0x3, 0x38, 0x81, 0x82, 0x2, 0xc6, 0x18, 0x0, 0x80, 0x23, 0x28, 0x2, 0xc6, 0x21, 0x84, 0x8, 0x52, 0x22, 0x0, 0x8, 0x18, 0x2, 0xc3, 0x28, 0x22, 0x0, 0x81, 0x45, 0x74, 0xcc, 0x11, 0xd8, 0x77, 0xd7, 0x0, 0x12, 0x81, 0x6c, 0x67, 0x12, 0x81, 0xc4, 0xcc, 0x8, 0x12, 0x81, 0xdc, 0xcd, 0x0, 0x3, 0x77, 0x12, 0x11, 0x7, 0xb9, 0x66, 0x12, 0x11, 0x64, 0x28, 0xdf, 0x54, 0xd7, 0xf1, 0xeb, 0x0, 0x4, 0x0, 0x18, 0xea, 0xae, 0x8, 0x88, 0xa8, 0x65, 0x4a, 0x2, 0xce, 0x12, 0x21, 0x48, 0x44, 0x4, 0xef, 0xcc, 0x8, 0x93, 0x77, 0x66, 0xf1, 0x1f, 0x46, 0xf3, 0x9, 0x71, 0x47, 0x1, 0xe3, 0x0, 0x28, 0x61, 0xe0, 0xf5, 0xf5, 0xb7, 0x5, 0xb7, 0x41, 0xd7, 0x16, 0x8b, 0xd1, 0x6, 0x8b, 0xcd, 0x6, 0x8b, 0x0, 0x28, 0x52, 0x14, 0x26, 0x65, 0xc2, 0x32, 0x73, 0x0, 0x76, 0x67, 0x45, 0x84, 0x74, 0x56, 0xc4, 0x58, 0xf, 0x54, 0xc5, 0xcd, 0x58, 0x96, 0x8b, 0xa2, 0xab, 0x9, 0x8f, 0x12, 0xab, 0x12, 0x18, 0x11, 0xc8, 0x5, 0xbf, 0xc8, 0x65, 0x1, 0x6a, 0x44, 0x8, 0x11, 0x11, 0xc8, 0xdd, 0x0, 0x3, 0xcd, 0x11, 0x11, 0x0, 0x91, 0x77, 0x11, 0x11, 0x41, 0x66, 0x88, 0x11, 0x0, 0x41, 0x77, 0xd6, 0x4c, 0x18, 0x88, 0x46, 0xc4, 0x4, 0x18, 0x98, 0xdc, 0xdd, 0x1c, 0x2, 0xef, 0x1c, 0x61, 0x0, 0x9c, 0xb9, 0x1b, 0x61, 0x4b, 0xbb, 0x5b, 0x11, 0x1, 0x45, 0x65, 0x66, 0x14, 0x87, 0x75, 0xe7, 0x3, 0xef, 0xff, 0xfa, 0x41, 0x87, 0x5b, 0x19, 0x9c, 0x67, 0x63, 0xf0, 0xdf, 0xf2, 0x8f, 0x75, 0xd7, 0x41, 0xf7, 0xff, 0xf5, 0xd7, 0x25, 0xd7, 0x51, 0xf7, 0xf5, 0xd7, 0x35, 0xd7, 0x51, 0xf7, 0x87, 0xe7, 0x10, 0xab, 0xf8, 0x12, 0x63, 0x6, 0xf3, 0x14, 0x5b, 0x37, 0xfa, 0x6, 0xbb, 0xc8, 0x11, 0x21, 0x21, 0x12, 0xc8, 0x6, 0xbe, 0xaa, 0x81, 0x88, 0x41, 0x3, 0x6d, 0x52, 0x68, 0x5, 0xd3, 0xe8, 0x6, 0x1a, 0xa8, 0x9a, 0x13, 0xd9, 0xdc, 0x0, 0xdd, 0xcc, 0x88, 0xdc, 0xdd, 0xcd, 0x88, 0xb9, 0x0, 0x77, 0x8a, 0x81, 0x58, 0x55, 0x84, 0x81, 0x76, 0x0, 0x67, 0x18, 0x11, 0xff, 0xef, 0x11, 0x11, 0xfe, 0x0, 0x8e, 0x88, 0x11, 0x55, 0x8, 0x0, 0x18, 0xcc, 0x0, 0x8c, 0x99, 0x0, 0xdc, 0x94, 0x9f, 0x0, 0x48, 0x2, 0xf9, 0x9e, 0x0, 0xe9, 0xfe, 0x84, 0x5, 0xb8, 0x54, 0x0, 0x8, 0x71, 0x86, 0x56, 0x86, 0x76, 0x86, 0x78, 0x1, 0x45, 0x77, 0x86, 0x80, 0x57, 0x0, 0x58, 0x8, 0x42, 0x1a, 0x5c, 0x84, 0x0, 0x73, 0xe7, 0xb3, 0xe1, 0xc8, 0x9, 0xcc, 0x80, 0xff, 0x10, 0x3, 0x43, 0xe7, 0xf3, 0xdf, 0x34, 0x35, 0x98, 0xab, 0xda, 0x74, 0x15, 0x31, 0x74, 0x51, 0xf1, 0xeb, 0xb5, 0x43, 0x57, 0x10, 0xf7, 0xf6, 0x4b, 0x80, 0x80, 0x8, 0x15, 0xb3, 0xf4, 0x19, 0xab, 0x65, 0x4f, 0x1b, 0xcc, 0x9, 0x1, 0x68, 0x9, 0x5, 0x48, 0x11, 0x0, 0x58, 0x66, 0x84, 0x11, 0xa8, 0x77, 0x4, 0x81, 0xa, 0xe4, 0xff, 0x9, 0x48, 0x4, 0xe4, 0x44, 0x0, 0xbf, 0xcd, 0xbf, 0xb, 0x54, 0x67, 0xb, 0x58, 0xf1, 0xc3, 0xfc, 0x4d, 0x4, 0xae, 0xfc, 0x62, 0x9c, 0x36, 0x17, 0x81, 0x88, 0x40, 0xa, 0x46, 0x90, 0xc, 0x87, 0x10, 0x3, 0x50, 0x87, 0xd0, 0x1c, 0x17, 0x7, 0xdf, 0x80, 0x5, 0xc5, 0x74, 0x56, 0x45, 0x88, 0x4, 0x54, 0xc5, 0x88, 0x81, 0xc8, 0x8, 0xa3, 0x48, 0x56, 0x0, 0x0, 0x18, 0xc4, 0xdc, 0x80, 0x11, 0xc4, 0xdd, 0x10, 0x18, 0x11, 0xcc, 0x2, 0xab, 0xdc, 0xbb, 0xc4, 0x58, 0x0, 0x88, 0x8, 0xcd, 0x58, 0x57, 0x8, 0x8c, 0x41, 0x20, 0x67, 0x8, 0x1, 0x9d, 0x85, 0x4c, 0x88, 0x64, 0x84, 0x0, 0xcc, 0x88, 0xcc, 0x8c, 0xcd, 0x88, 0xdc, 0x94, 0xf, 0xca, 0x88, 0x48, 0xf9, 0xfc, 0xdf, 0xb1, 0x37, 0xfc, 0x3f, 0xab, 0xff, 0x80, 0x6, 0x52, 0xe4, 0xff, 0x88, 0x88, 0xea, 0xae, 0x0, 0x38, 0x80, 0x54, 0x14, 0xdf, 0x4, 0xec, 0x6, 0x24, 0xdc, 0x8d, 0x88, 0x1, 0x88, 0x76, 0x86, 0x88, 0x88, 0x55, 0x84, 0x9, 0x4f, 0xff, 0xf1, 0x79, 0xfc, 0x7f, 0xfd, 0x65, 0x8c, 0x9f, 0xfd, 0x82, 0xad, 0x94, 0xf5, 0xb7, 0x72, 0xcf, 0x22, 0x80, 0x11, 0x16, 0x8b, 0x48, 0x56, 0x84, 0x5, 0x92, 0x4c, 0x28, 0x88, 0xc4, 0x2, 0xab, 0xcc, 0x2, 0xab, 0xdc, 0xbb, 0xca, 0x0, 0x88, 0x79, 0xb7, 0x89, 0x81, 0x66, 0x45, 0x88, 0x71, 0x11, 0x96, 0x8b, 0xf2, 0xab, 0x5, 0x19, 0x88, 0xa8, 0xff, 0x2, 0xef, 0x54, 0xae, 0x6, 0xc5, 0x55, 0x7, 0x80, 0x45, 0xb, 0xc6, 0x45, 0x80, 0x44, 0x88, 0x70, 0xe0, 0x8e, 0xa1, 0xae, 0x11, 0xe9, 0x84, 0x8, 0x3f, 0x80, 0x48, 0x6, 0xa1, 0xf4, 0xbf, 0xfb, 0x43, 0xf0, 0xdf, 0xfe, 0x63, 0x9e, 0x37, 0xff, 0xf5, 0xd7, 0x15, 0xd7, 0x51, 0xf7, 0xf5, 0xd7, 0x35, 0xd7, 0x51, 0xf7, 0xf5, 0xd7, 0x55, 0xd7, 0xfb, 0x63, 0x37, 0xfe, 0xd3, 0x2a, 0x6f, 0x2a, 0x73, 0xe, 0xdf, 0x48, 0x17, 0xc1, 0xa, 0x4b, 0x38, 0x88, 0x54, 0xe, 0xee, 0x5, 0x9b, 0xd, 0x9d, 0x88, 0x54, 0x65, 0x1b, 0x88, 0x88, 0x45, 0x23, 0xa9, 0x3, 0xe3, 0x68, 0x1, 0x14, 0x7, 0xce, 0x25, 0x88, 0x88, 0x7, 0xa2, 0x0, 0x8c, 0xc7, 0xa0, 0x33, 0x6, 0x44, 0xff, 0x7, 0xef, 0x6a, 0xc0, 0x20, 0x54, 0x1d, 0x9f, 0xe, 0xef, 0xfe, 0x1c, 0xac, 0x77, 0x4c, 0x7b, 0x28, 0x68, 0xc7, 0x6, 0x1b, 0x65, 0x22, 0x5f, 0x80, 0x88, 0x8, 0xff, 0x1c, 0x78, 0x98, 0x3, 0xc, 0x80, 0x28, 0x1, 0x5e, 0x68, 0xd8, 0x1f, 0xeb, 0x4f, 0x28, 0x43, 0xff, 0xa, 0x4f, 0x14, 0x4b, 0xff, 0xdc, 0x1b, 0x37, 0xc, 0x3, 0x1c, 0x7, 0x20, 0x21, 0xff, 0xdf, 0xff, 0xca, 0x47, 0xff, 0xff, 0xba, 0x47, 0xff, 0xbf, 0xe9, 0xa7, 0xdd, 0x53, 0xa9, 0xa7, 0x57, 0xe7, 0xc0, 0xf4, 0x7, 0x34, 0x7, 0x11, 0x11, 0x79, 0xb7, 0x11, 0x88, 0x80, 0x2, 0xc9, 0x40, 0x77, 0x56, 0x0, 0x90, 0xff, 0x9e, 0xa, 0x0, 0x90, 0xae, 0x99, 0xa, 0x2c, 0x48, 0xa, 0x30, 0x88, 0x0, 0x0, 0x48, 0x45, 0x8, 0x89, 0x81, 0xe9, 0xfe, 0x0, 0x88, 0x11, 0x88, 0x68, 0x84, 0x11, 0x11, 0x87, 0x0, 0x9a, 0x88, 0x18, 0x76, 0x4a, 0x8, 0x80, 0x71, 0xa3, 0x7, 0xef, 0x38, 0x3, 0xad, 0x78, 0x48, 0x8c, 0x9, 0xd9, 0xf5, 0x17, 0xf8, 0xff, 0xff, 0x8f, 0x5b, 0xd7, 0xc7, 0xff, 0xff, 0xb1, 0xbf, 0x84, 0x0, 0xc8, 0x7f, 0x46, 0xe, 0x24, 0x10, 0x3, 0x29, 0xa9, 0xf1, 0x9f, 0x78, 0x1f, 0xf1, 0x9f, 0xff, 0xfd, 0xf0, 0xcb, 0xce, 0x25, 0x21, 0xfc, 0x3, 0x7f, 0xf1, 0x77, 0x56, 0x84, 0x11, 0x0, 0xff, 0x9e, 0x9a, 0x88, 0xae, 0x99, 0x4a, 0x8, 0x60, 0x45, 0xb, 0xa3, 0x5, 0x2b, 0x84, 0x45, 0x8, 0x48, 0x8c, 0x80, 0x50, 0x97, 0x11, 0x87, 0x56, 0x86, 0x18, 0x76, 0x78, 0x0, 0x45, 0x80, 0x71, 0x87, 0x57, 0x0, 0x38, 0x63, 0x7, 0x68, 0x0, 0x78, 0x86, 0x80, 0x12, 0x4d, 0xfd, 0x8b, 0xe4, 0xfb, 0xbb, 0xd, 0x17, 0x28, 0x53, 0xdf, 0x1f, 0xc7, 0x17, 0xeb, 0x40, 0x13, 0xb0, 0xf, 0x1a, 0x5f, 0x81, 0xf, 0x1a, 0x26, 0xb, 0x3a, 0x3, 0x33, 0xb1, 0x3b, 0x5f, 0xb, 0x1f, 0xf, 0xff, 0x1d, 0xd9, 0x2e, 0x5b, 0x42, 0xa7, 0xf2, 0xba, 0xf, 0xdf, 0xf5, 0xd7, 0x25, 0xd7, 0x51, 0xf7, 0xff, 0xf5, 0xd7, 0x35, 0xd7, 0x51, 0xf7, 0x1f, 0x7b, 0x1c, 0x31, 0xfb, 0x5a, 0xf7, 0x8, 0xcf, 0xff, 0xb4, 0x1a, 0x6f, 0x75, 0xff, 0xff, 0x3f, 0xb3, 0x41, 0xc, 0x86, 0x67, 0x4c, 0x80, 0x5e, 0x6b, 0x88, 0x78, 0x0, 0x80, 0xcc, 0x66, 0x0, 0x20, 0xc8, 0xdc, 0x7, 0xcc, 0xcd, 0x18, 0x80, 0x88, 0x18, 0x6, 0x61, 0x0, 0x28, 0x51, 0x76, 0x2f, 0x37, 0x89, 0xff, 0x8d, 0xff, 0x4d, 0x5b, 0x2d, 0x63, 0xe, 0x64, 0x8, 0x16, 0xf3, 0xf3, 0xfb, 0xaf, 0xff, 0xfe, 0xff, 0xfb, 0xbc, 0x5c, 0xff, 0x10, 0x40, 0x3, 0x1, 0x87, 0x72, 0x23, 0xd, 0xf2, 0x4, 0x21, 0x0, 0xc2, 0x5c, 0x8c, 0x3c, 0xd2, 0xc2, 0x8c, 0x3c, 0x0, 0x8a, 0xd2, 0x8c, 0xb9, 0x17, 0xd7, 0xd1, 0xa9, 0x1, 0x77, 0x3b, 0xd2, 0x8d, 0x7a, 0x39, 0xc8, 0xff, 0x57, 0xff, 0xbe, 0x3, 0x5e, 0x27, 0xfa, 0x47, 0x3a, 0x47, 0x5e, 0x27, 0xfa, 0x47, 0x3c, 0xf3, 0xfc, 0x7f, 0xfd, 0xbf, 0xe0, 0x5d, 0x87, 0xfb, 0xe7, 0x4b, 0xe7, 0x47, 0xe7, 0x55, 0x7, 0x80, 0x2, 0xbf, 0xfe, 0x9d, 0x3, 0xff, 0xf7, 0x2e, 0x7, 0x60, 0xff, 0xc7, 0xb0, 0x2e, 0xd7, 0x1d, 0x87, 0x8c, 0xa7, 0xf, 0x21, 0xc8, 0x1e, 0xdf, 0x88, 0x62, 0xe, 0x4a, 0x1f, 0xa6, 0x1e, 0x53, 0xfe, 0x5d, 0x63, 0x40, 0x3, 0x1e, 0xff, 0xfd, 0x93, 0xd9, 0x41, 0xf6, 0xdf, 0xa8, 0xdf, 0x48, 0xbf, 0xe, 0xc2, 0x40, 0x1e, 0xbd, 0x13, 0xac, 0x13, 0xb0, 0xf0, 0x9b, 0xff, 0xbb, 0x6f, 0x83, 0xaa, 0xf, 0xae, 0x8, 0xf, 0xae, 0x8c, 0xf, 0xae, 0xcd, 0xf, 0xae, 0xdd, 0xab, 0xb, 0xce, 0xdc, 0xb, 0xce, 0xc1, 0xb, 0xce, 0x81, 0xe, 0x7a, 0x22, 0x5f, 0xfe, 0xb2, 0x3b, 0xf5, 0xbf, 0xf2, 0x1f, 0xf2, 0x1f, 0xf2, 0x1f, 0x62, 0x1f, 0xf, 0x57, 0xc0, 0xec, 0xfe, 0x23, 0x4b, 0x33, 0xf, 0x1a, 0x76, 0xf, 0x1a, 0x9, 0x83, 0x80, 0x44, 0xb5, 0xf, 0x1a, 0xd8, 0x18, 0x72, 0xf, 0x1a, 0x44, 0xf, 0x37, 0xcc, 0xc, 0x2f, 0xfc, 0x3, 0x10, 0x3b, 0x6b, 0x1f, 0xec, 0x9d, 0x7, 0x1d, 0x77, 0x13, 0x3, 0xcc, 0x85, 0x0, 0x14, 0x65, 0xcd, 0x8c, 0x14, 0x61, 0xc8, 0xc8, 0x0, 0x14, 0x11, 0x8e, 0x89, 0x14, 0x11, 0xff, 0x9f, 0x0, 0x18, 0x11, 0x96, 0x99, 0x18, 0x11, 0x84, 0xee, 0x3, 0x8a, 0x11, 0x88, 0xaa, 0x8a, 0x88, 0xf5, 0xd7, 0x35, 0xd7, 0xfc, 0x5b, 0x37, 0xf5, 0xd7, 0x35, 0xd7, 0x5b, 0x37, 0xfc, 0x7f, 0x50, 0xb8, 0x0, 0x0, 0x32, 0x21, 0x11, 0x1f, 0x51, 0x1d, 0xc7, 0xc1, 0x23, 0xd, 0x5, 0xa3, 0x80, 0xa, 0x62, 0x7b, 0x0, 0x0, 0x98, 0x7a, 0x80, 0x80, 0x0, 0xdc, 0xa8, 0x40, 0x48, 0x6c, 0x71, 0x58, 0x78, 0x0, 0x23, 0xdc, 0xcc, 0xc5, 0x8, 0x0, 0x2d, 0xcc, 0x0, 0x8, 0x0, 0x28, 0xcd, 0x8c, 0x0, 0x71, 0x1d, 0x0, 0x8d, 0x0, 0xb7, 0x23, 0xcd, 0x8, 0x97, 0x83, 0x0, 0xd1, 0x8, 0x16, 0x82, 0xc5, 0x8, 0x2c, 0x45, 0x0, 0x86, 0x8d, 0x80, 0x68, 0x77, 0x16, 0x88, 0x76, 0x0, 0x77, 0x15, 0x16, 0x77, 0x67, 0x18, 0x27, 0x77, 0x0, 0x86, 0x11, 0x37, 0x67, 0x18, 0x21, 0x78, 0x53, 0x8, 0x88, 0x88, 0x78, 0x82, 0xf, 0xcf, 0x87, 0x0, 0x0, 0xab, 0xb, 0xf6, 0x0, 0xb, 0xf6, 0x0, 0x19, 0x4a, 0x80, 0x3e, 0x64, 0xb, 0x4d, 0x50, 0x57, 0x1e, 0x5b, 0x85, 0x10, 0x11, 0x45, 0x11, 0x11, 0x11, 0x6b, 0x56, 0xf, 0xd4, 0xe, 0x7a, 0x0, 0x18, 0x3f, 0xcc, 0x19, 0x87, 0xe, 0x94, 0x7e, 0xcd, 0x1d, 0x87, 0xf, 0xef, 0xf4, 0xbb, 0xeb, 0xc4, 0x52, 0xef, 0xf, 0x4f, 0x48, 0x0, 0x86, 0xdd, 0x8c, 0x64, 0x56, 0x88, 0xdc, 0x54, 0x0, 0x48, 0x84, 0xcd, 0x88, 0x12, 0x80, 0x88, 0x28, 0x0, 0x11, 0xcd, 0x88, 0x55, 0x62, 0x38, 0xd1, 0x1c, 0x0, 0x31, 0x84, 0x75, 0x76, 0x67, 0x84, 0x76, 0x65, 0x0, 0x57, 0x88, 0x58, 0x54, 0x45, 0x48, 0x81, 0x58, 0x2, 0xd6, 0x16, 0x11, 0x48, 0x76, 0x16, 0xd, 0xd3, 0x17, 0x8, 0x8c, 0x4, 0x0, 0x62, 0xc, 0x83, 0x45, 0x45, 0xc8, 0x0, 0x88, 0x58, 0x84, 0xc8, 0xcd, 0x8c, 0x67, 0x88, 0x0, 0xdc, 0x8c, 0x74, 0x86, 0xc8, 0x8d, 0x58, 0xcc, 0x7, 0xc8, 0x4c, 0x84, 0xdd, 0x8c, 0x5e, 0x27, 0xfa, 0x47, 0x3a, 0x47, 0xff, 0x5e, 0x27, 0xfa, 0x47, 0x3c, 0xf3, 0xf8, 0xe4, 0x48, 0x5f, 0x3b, 0x57, 0x7, 0xa3, 0xd, 0x25, 0xc5, 0x11, 0xcf, 0x30, 0x3, 0x88, 0x88, 0xdc, 0xc, 0x3d, 0x75, 0x1, 0x11, 0x7e, 0x44, 0x0, 0xb, 0xf, 0x8, 0xc, 0xf7, 0x2, 0x59, 0x18, 0xe5, 0xd, 0x3b, 0x44, 0xbf, 0xf, 0x1a, 0xc8, 0x0, 0x23, 0x1f, 0x26, 0x78, 0xdf, 0x15, 0xe3, 0x2e, 0x43, 0x36, 0x43, 0xeb, 0x3b, 0x33, 0x2d, 0x27, 0xf, 0xd7, 0x86, 0xf, 0x41, 0x66, 0x1a, 0xe3, 0xf, 0xdf, 0x40, 0x61, 0xa, 0xec, 0x12, 0x77, 0x86, 0x0, 0x12, 0x71, 0x11, 0x87, 0x0, 0x22, 0x0, 0xc, 0x88, 0x81, 0x26, 0xf, 0x77, 0x0, 0x22, 0x61, 0x0, 0x38, 0x12, 0x75, 0x80, 0x32, 0x0, 0x41, 0x67, 0x80, 0x82, 0x51, 0x87, 0x80, 0x8, 0x3, 0x68, 0x86, 0x80, 0x0, 0x68, 0x15, 0xf, 0xa5, 0xe, 0xbb, 0x0, 0x58, 0x88, 0x14, 0x81, 0xcc, 0x8d, 0x18, 0x41, 0x0, 0xdc, 0x99, 0x11, 0x91, 0x7b, 0xe9, 0x11, 0x91, 0x2, 0xbb, 0xf9, 0x11, 0x41, 0x55, 0x98, 0xe, 0xf6, 0x68, 0x0, 0x11, 0xa1, 0x8f, 0x56, 0x18, 0x81, 0x8e, 0x75, 0xf9, 0xf, 0x32, 0x2d, 0x52, 0xfe, 0xe7, 0xfb, 0xbf, 0xff, 0xb, 0x0, 0x0, 0xf1, 0x7f, 0x80, 0x1, 0x7f, 0x67, 0x68, 0xc8, 0x8d, 0x57, 0x68, 0xc6, 0x4, 0x58, 0x46, 0x51, 0x66, 0xc6, 0xa, 0xd0, 0x77, 0x46, 0x1, 0x84, 0x44, 0x55, 0xcc, 0x58, 0x88, 0x76, 0xc, 0xc8, 0x81, 0xb, 0xce, 0x67, 0x4c, 0x88, 0x81, 0x76, 0xdd, 0xc, 0xc8, 0xe8, 0x1b, 0xce, 0x94, 0xdb, 0x1f, 0x3f, 0x86, 0xf, 0xb8, 0x67, 0x62, 0x86, 0x0, 0x0, 0x77, 0x27, 0x62, 0x8, 0x76, 0x77, 0x27, 0xff, 0x1e, 0x1b, 0xf2, 0x1f, 0xf2, 0x1f, 0xf2, 0x1f, 0x32, 0x1f, 0xf, 0x26, 0x25, 0x8b, 0x7, 0xeb, 0x3e, 0x18, 0x81, 0xf, 0x1a, 0xe, 0x8c, 0x6f, 0x1a, 0x2f, 0xda, 0xf, 0x1a, 0xdc, 0xaa, 0xf, 0x1a, 0xb9, 0xf, 0x1a, 0x58, 0xf, 0x1a, 0x76, 0xf, 0x1a, 0xff, 0xab, 0xf, 0x1a, 0xfe, 0xf, 0x1a, 0x55, 0xb, 0x3a, 0x55, 0x16, 0xe3, 0x93, 0x3, 0xbe, 0xe, 0xfa, 0x0, 0xe, 0xfa, 0xb, 0x87, 0x33, 0x3, 0x1, 0xcb, 0xe, 0xe0, 0x45, 0xd7, 0xf, 0x4, 0x10, 0x3, 0xcc, 0xb, 0x3e, 0x66, 0x3d, 0x38, 0xff, 0xff, 0xfe, 0x46, 0xd0, 0xfc, 0x5b, 0xae, 0xf9, 0x11, 0xe, 0x80, 0x22, 0x22, 0x81, 0x0, 0x4, 0x12, 0x41, 0x48, 0x8, 0xcd, 0x0, 0x5a, 0xcc, 0xdc, 0x0, 0xdd, 0x8c, 0xdd, 0xdd, 0xcc, 0x65, 0xc4, 0xcc, 0x1, 0x76, 0x77, 0x65, 0x76, 0x77, 0x77, 0x44, 0x3, 0x7b, 0x0, 0x58, 0x84, 0x74, 0x67, 0x44, 0x84, 0x64, 0x67, 0x80, 0x0, 0x88, 0x45, 0x68, 0x15, 0xc8, 0x44, 0x66, 0x11, 0x0, 0x48, 0x5c, 0x57, 0x11, 0x58, 0x6d, 0x16, 0x11, 0x20, 0xc8, 0x7d, 0xa, 0x86, 0x44, 0x76, 0x67, 0x88, 0x8c, 0x80, 0x2, 0x8e, 0xdc, 0x44, 0x85, 0x48, 0xd8, 0x45, 0x84, 0x0, 0x65, 0xc4, 0xc6, 0x8c, 0x54, 0x46, 0xd7, 0x85, 0x10, 0x48, 0x46, 0xc7, 0xd, 0x52, 0x44, 0xcc, 0x18, 0xdc, 0x0, 0x68, 0x86, 0x4c, 0x78, 0x68, 0xc8, 0xcd, 0x58, 0x89, 0x16, 0xc0, 0x0, 0xcc, 0x88, 0x7, 0x4f, 0xe8, 0xd4, 0xd, 0x2f, 0x0, 0x49, 0x0, 0x80, 0xf6, 0x9f, 0x0, 0x68, 0x44, 0x1, 0xfe, 0x76, 0x87, 0x54, 0x84, 0x56, 0x78, 0xd, 0xa, 0x0, 0x67, 0x85, 0x68, 0x74, 0x57, 0x48, 0xc4, 0x6c, 0x1, 0x85, 0xdc, 0xcd, 0x4c, 0xa8, 0xd4, 0xdd, 0xd, 0x27, 0x3, 0xdd, 0x49, 0x8, 0x80, 0xbb, 0x9a, 0x13, 0xf7, 0x1d, 0x30, 0x0, 0x48, 0x5c, 0x84, 0x4e, 0x44, 0x6c, 0x84, 0x4e, 0x2, 0x84, 0x46, 0x84, 0x84, 0x88, 0x54, 0x1, 0x17, 0x55, 0xd7, 0xdf, 0x3b, 0x1f, 0xdf, 0x68, 0xf, 0xef, 0x56, 0xc, 0x13, 0xc, 0xb, 0xf, 0xd1, 0xea, 0x28, 0xd0, 0xf2, 0xbf, 0xc2, 0xbf, 0xdd, 0x2, 0xbf, 0xdd, 0x2, 0xbf, 0xa7, 0xa8, 0x2, 0xbf, 0x4b, 0x2, 0xbf, 0x45, 0x2, 0xbf, 0x96, 0x11, 0xa1, 0x0, 0xff, 0x9a, 0x18, 0x81, 0xae, 0x84, 0xcc, 0x84, 0x0, 0x99, 0x88, 0xcd, 0x9c, 0xfe, 0x8e, 0xcc, 0x9c, 0x0, 0xf7, 0x89, 0xb9, 0x8b, 0x5e, 0x14, 0x58, 0x65, 0x0, 0x68, 0x14, 0x68, 0x77, 0x78, 0x14, 0x81, 0xee, 0x8f, 0x0, 0x3, 0xaa, 0x78, 0x84, 0x5e, 0x27, 0xfa, 0x47, 0x3a, 0x47, 0x5e, 0x27, 0xff, 0xfa, 0x47, 0x3a, 0x47, 0xff, 0xfb, 0x5c, 0x83, 0xfa, 0xb5, 0xff, 0xff, 0xfe, 0x3b, 0xd1, 0xdf, 0xc9, 0x48, 0x1f, 0xa, 0x8b, 0x10, 0x3c, 0x30, 0x3, 0x0, 0xb9, 0xf, 0xb3, 0x0, 0xa9, 0x0, 0x80, 0x84, 0x8d, 0x80, 0x88, 0x48, 0x4, 0xcd, 0x77, 0xc6, 0x24, 0x11, 0x8, 0xfa, 0x22, 0xd2, 0x0, 0xc2, 0x4c, 0xc1, 0x8a, 0xd2, 0x4c, 0xdc, 0x17, 0x14, 0xd7, 0x41, 0x44, 0x8, 0xfa, 0x48, 0x8, 0xfa, 0x88, 0x88, 0x5e, 0x85, 0x18, 0xa1, 0x58, 0x1d, 0x8d, 0xce, 0xa6, 0x1d, 0xff, 0x3c, 0xff, 0x80, 0x0, 0x88, 0x58, 0x57, 0x0, 0x80, 0x74, 0x86, 0x0, 0x0, 0x80, 0x67, 0x88, 0x0, 0x40, 0x86, 0x86, 0x0, 0x0, 0x68, 0x58, 0x84, 0x88, 0x46, 0x55, 0x84, 0x48, 0x60, 0x85, 0xe, 0x9, 0xf, 0xbc, 0x68, 0x86, 0x88, 0x78, 0x44, 0x0, 0x94, 0x8e, 0xcc, 0x67, 0xf5, 0x9f, 0xcd, 0x88, 0x3, 0x7e, 0x9e, 0xcd, 0x0, 0x98, 0x89, 0xf, 0xe3, 0x1f, 0x2f, 0x40, 0xa8, 0xb, 0x9c, 0x80, 0x44, 0x76, 0x86, 0x44, 0x84, 0x8, 0x44, 0x58, 0x48, 0x88, 0x2, 0x47, 0x68, 0x66, 0x45, 0x0, 0x48, 0xc4, 0x88, 0x98, 0xdc, 0xcd, 0x48, 0xaa, 0x17, 0xd4, 0xdd, 0x84, 0x1, 0xff, 0x44, 0x1, 0xff, 0xff, 0xfb, 0xb6, 0x9f, 0x80, 0x1f, 0xae, 0x77, 0x8a, 0x81, 0x48, 0x55, 0x84, 0x81, 0x0, 0xe9, 0x67, 0x18, 0x11, 0x88, 0xef, 0x11, 0x11, 0x0, 0x71, 0x8e, 0x88, 0x11, 0x76, 0x8, 0x0, 0x18, 0x40, 0x77, 0xe, 0xc7, 0x33, 0x11, 0x76, 0x37, 0x86, 0x88, 0x1f, 0x11, 0x36, 0x87, 0xf, 0x48, 0x6, 0x6d, 0xfd, 0xd2, 0x5c, 0xde, 0x9d, 0x33, 0xa4, 0x78, 0xe1, 0x80, 0xf, 0xb9, 0x80, 0x77, 0x0, 0x3, 0x44, 0xc8, 0x1, 0x6c, 0x88, 0x77, 0x64, 0x46, 0x88, 0xff, 0xe, 0xd5, 0x7a, 0xee, 0x5f, 0xbb, 0xf9, 0x5f, 0x4e, 0x17, 0x7e, 0x1b, 0x80, 0xf, 0x1a, 0x45, 0xcb, 0xf, 0x1a, 0xe, 0xfe, 0xcc, 0x84, 0xf, 0x1a, 0x8c, 0x8f, 0x1a, 0x2e, 0x7e, 0xf9, 0x16, 0xf5, 0x32, 0xb7, 0x75, 0xa3, 0x9e, 0xf7, 0x93, 0x9f, 0xdc, 0xdd, 0x53, 0x9f, 0x1, 0x66, 0x77, 0x65, 0x66, 0x77, 0x77, 0x46, 0x7, 0x1b, 0xf0, 0xf1, 0xdf, 0xf1, 0xdf, 0xf1, 0xdf, 0x41, 0xdf, 0x55, 0x58, 0x84, 0x40, 0x1, 0x44, 0x44, 0x44, 0x0, 0x44, 0x65, 0x77, 0xa, 0x8d, 0xc4, 0x1d, 0x2c, 0xf4, 0x23, 0x81, 0x4c, 0xdd, 0x8, 0xaa, 0xdd, 0x21, 0x0, 0x91, 0x77, 0x9b, 0x22, 0x41, 0x66, 0x45, 0x22, 0x0, 0x41, 0x77, 0x86, 0x21, 0xe1, 0xff, 0x8e, 0x88, 0x10, 0xa8, 0xff, 0x18, 0x6, 0x9b, 0x88, 0xcd, 0xcc, 0x14, 0x0, 0x48, 0xdd, 0xc4, 0x18, 0xe8, 0xaa, 0x9a, 0x18, 0x8, 0x88, 0x55, 0x44, 0x18, 0x3, 0xb, 0x11, 0x81, 0xe8, 0xc, 0xae, 0x18, 0x11, 0xa8, 0x0, 0x3, 0x6, 0x86, 0x11, 0x80, 0x0, 0x57, 0x85, 0x99, 0x78, 0x65, 0x8, 0x80, 0x56, 0xec, 0x33, 0x91, 0x1e, 0x46, 0xa1, 0x5f, 0x49, 0xf1, 0x5f, 0xa1, 0x5f, 0x44, 0x44, 0x5, 0x4, 0x0, 0x77, 0x67, 0x46, 0x0, 0xa5, 0x64, 0x0, 0xa3, 0xff, 0x12, 0x77, 0xcf, 0x90, 0xb, 0x47, 0x59, 0x3b, 0xff, 0xae, 0x1f, 0xf4, 0xf2, 0xbf, 0xb2, 0xbf, 0xe7, 0x17, 0x3c, 0xe, 0xed, 0x5, 0x5b, 0x0, 0x80, 0x6, 0xfc, 0x1b, 0x3f, 0x2, 0x4d, 0xa2, 0x6e, 0x88, 0x48, 0xe, 0xc5, 0x80, 0x45, 0x46, 0x30, 0x3, 0x4c, 0xa, 0x47, 0x88, 0x88, 0x46, 0x0, 0x3, 0x45, 0x0, 0x7, 0x48, 0x80, 0x20, 0x3, 0x0, 0x0

.align 2, 0
Anim_BANIM_AlearLord_Sword_Sheet_3:
.byte  0x10, 0x0, 0x20, 0x0, 0x35, 0x0, 0x0, 0xf0, 0x1, 0x60, 0x13, 0x80, 0xb0, 0x1d, 0x8, 0x0, 0x2c, 0x4a, 0x46, 0x0, 0x4, 0x68, 0x85, 0x0, 0x1a, 0x56, 0x10, 0x8, 0x45, 0xf9, 0x10, 0x12, 0xf0, 0x42, 0xf0, 0x41, 0xf0, 0x66, 0x0, 0x78, 0x11, 0x44, 0xf0, 0x7d, 0xba, 0xc0, 0x7d, 0x88, 0x90, 0x8a, 0x50, 0x6c, 0x50, 0x14, 0x88, 0x0, 0x90, 0x80, 0x0, 0x88, 0x65, 0x77, 0x68, 0x86, 0x8c, 0x65, 0x68, 0x0, 0xc8, 0xcd, 0x88, 0x88, 0xdc, 0xcc, 0x58, 0x0, 0x0, 0xcc, 0xe8, 0x76, 0x0, 0x0, 0xe8, 0xae, 0x0, 0x20, 0x0, 0xa8, 0x0, 0x5d, 0x80, 0x44, 0x55, 0x44, 0x68, 0x0, 0x85, 0x86, 0x44, 0x88, 0x58, 0x88, 0x88, 0x58, 0x0, 0xc5, 0x88, 0x88, 0x64, 0xc6, 0xa5, 0x49, 0x4c, 0x0, 0xc4, 0x56, 0xbb, 0xc4, 0xdd, 0x58, 0xaa, 0x44, 0x0, 0xdd, 0x84, 0x88, 0xc8, 0xdd, 0x44, 0x76, 0x67, 0x0, 0x77, 0x85, 0x61, 0x77, 0x77, 0x86, 0x11, 0x61, 0x0, 0x77, 0x84, 0x11, 0x11, 0x61, 0xcc, 0x18, 0x11, 0x0, 0x11, 0xcc, 0x84, 0x88, 0x88, 0xcc, 0x84, 0x0, 0x3b, 0x0, 0x4d, 0x10, 0x5f, 0xf0, 0xe1, 0x20, 0x77, 0x88, 0x0, 0x99, 0x10, 0x7f, 0xdf, 0xf1, 0x3f, 0x61, 0x51, 0x40, 0x40, 0x3, 0xf1, 0x62, 0xf0, 0xff, 0xf1, 0x86, 0x60, 0xff, 0x50, 0x48, 0x10, 0xc7, 0x48, 0x71, 0xf, 0x80, 0x48, 0x88, 0x88, 0xff, 0x30, 0x1, 0x30, 0x85, 0xf1, 0xc1, 0x60, 0xa7, 0xf1, 0xdc, 0xf1, 0xe1, 0x31, 0xe5, 0x0, 0x5f, 0x41, 0x80, 0x1, 0xd5, 0x58, 0x4, 0x0, 0x80, 0x86, 0x1, 0xe0, 0xdc, 0x0, 0x6, 0x1, 0xdf, 0x11, 0x1, 0x3, 0xf2, 0x1f, 0xb2, 0xf, 0x9a, 0x18, 0x0, 0x11, 0x71, 0x8a, 0x88, 0x88, 0x68, 0x44, 0x48, 0x0, 0x5c, 0x68, 0x46, 0x48, 0x6c, 0x84, 0x4e, 0x84, 0x0, 0x46, 0x84, 0x44, 0x88, 0x54, 0x85, 0x88, 0x48, 0x40, 0x55, 0x20, 0xa6, 0x77, 0x66, 0x62, 0x8, 0x77, 0x27, 0x0, 0x86, 0x8, 0x77, 0x37, 0x86, 0x0, 0x77, 0x73, 0x2, 0x8, 0x0, 0x37, 0x87, 0x0, 0x0, 0x0, 0x6, 0x0, 0x59, 0x86, 0x71, 0x3f, 0x70, 0xf0, 0x3, 0xa0, 0x13, 0x0, 0x6, 0x2, 0xa4, 0x56, 0x7, 0x2, 0xa8, 0x67, 0x2, 0xac, 0x77, 0x10, 0x3, 0x0, 0x10, 0x77, 0xb8, 0x0, 0x10, 0x77, 0x10, 0x10, 0xf2, 0xc0, 0x52, 0xd2, 0x76, 0x0, 0x76, 0x64, 0x77, 0x10, 0x2e, 0x32, 0xe2, 0x66, 0x76, 0x40, 0xb, 0x60, 0x77, 0xff, 0x10, 0x17, 0x50, 0x1, 0x52, 0xff, 0x10, 0x11, 0x0, 0x22, 0x70, 0x18, 0xf0, 0x1f, 0x50, 0x34, 0x7f, 0x7, 0x0, 0x2, 0x0, 0x2f, 0x30, 0x83, 0x60, 0x3f, 0xf3, 0x48, 0xf3, 0x5a, 0xd0, 0x9f, 0xfd, 0x0, 0xa0, 0xf3, 0x7f, 0x21, 0xf, 0x20, 0xe6, 0x10, 0xab, 0x10, 0xb5, 0x77, 0x0, 0xf0, 0xb4, 0x30, 0x73, 0x67, 0x10, 0xa7, 0x10, 0xd6, 0x6, 0x0, 0xda, 0x7, 0x66, 0xe9, 0x10, 0x10, 0x83, 0xc0, 0x11, 0x27, 0x66, 0x1, 0x2c, 0x66, 0x66, 0x70, 0x1, 0x17, 0x70, 0x77, 0x67, 0x60, 0x3, 0x60, 0x0, 0xe2, 0x80, 0x3, 0x10, 0x4c, 0x55, 0x67, 0x32, 0xe0, 0x48, 0x13, 0x49, 0x45, 0x4, 0xb, 0x58, 0xe3, 0xf5, 0x25, 0x80, 0x57, 0x2, 0x10, 0x78, 0x55, 0x4, 0xc, 0x46, 0x4, 0x2b, 0x60, 0x68, 0x82, 0x33, 0x54, 0x1d, 0x58, 0x98, 0x99, 0x80, 0x21, 0x0, 0xe4, 0x9f, 0x10, 0x3c, 0xff, 0x89, 0x18, 0x3c, 0x0, 0x9e, 0xc4, 0x88, 0xb9, 0x4e, 0xcd, 0x8c, 0xa9, 0x0, 0x88, 0x5c, 0x55, 0x88, 0x0, 0x58, 0x66, 0x56, 0x0, 0x77, 0xc6, 0x4, 0x0, 0xc2, 0x5c, 0x8c, 0x88, 0x0, 0xd2, 0xc2, 0x4c, 0x11, 0x8a, 0xd2, 0x4c, 0x2c, 0x0, 0x17, 0xd7, 0x41, 0xc4, 0x77, 0x8b, 0xd2, 0xcc, 0x0, 0x9a, 0x48, 0xc8, 0x65, 0x88, 0x44, 0x78, 0x86, 0x80, 0x3, 0x48, 0x81, 0x88, 0x11, 0x12, 0x8, 0x21, 0x22, 0x0, 0x81, 0x8, 0x22, 0xc2, 0xdd, 0x8c, 0xdd, 0xdd, 0x0, 0xcc, 0x88, 0xc4, 0xdc, 0xdd, 0x4c, 0x45, 0xcc, 0x0, 0x4c, 0x88, 0x76, 0x56, 0x55, 0x56, 0x56, 0x85, 0x68, 0x88, 0x1, 0xe7, 0x2, 0x43, 0x77, 0x30, 0x3, 0x76, 0x27, 0x87, 0x2f, 0x0, 0x68, 0x2, 0x44, 0x80, 0x2, 0x4b, 0x12, 0xaa, 0x32, 0xbb, 0x90, 0x93, 0x80, 0xb3, 0x1f, 0x44, 0x8, 0x80, 0xbb, 0x44, 0x84, 0x80, 0x0, 0x44, 0xc8, 0x6c, 0x88, 0x77, 0x64, 0x46, 0x88, 0x6, 0xee, 0x45, 0x84, 0x88, 0xaa, 0x3, 0x3f, 0x63, 0x43, 0x9a, 0xc0, 0x4, 0xd4, 0x3, 0xee, 0x88, 0x56, 0x48, 0x5c, 0x84, 0x4e, 0xb, 0x44, 0x6c, 0x84, 0x4a, 0x2, 0xbf, 0x84, 0x82, 0xbf, 0xf2, 0x7f, 0xea, 0xe2, 0x7f, 0x13, 0x25, 0x5, 0x11, 0x40, 0x3, 0x38, 0x50, 0x5, 0x22, 0x64, 0xdf, 0x40, 0x3, 0x20, 0x12, 0x80, 0xf0, 0xff, 0xf0, 0xff, 0xf0, 0xff, 0x70, 0xff, 0xf5, 0x9f, 0xb9, 0xa2, 0x2a, 0x67, 0xf5, 0x80, 0xe5, 0xd1, 0x1, 0xd3, 0x80, 0x21, 0x5, 0x4a, 0x40, 0x3c, 0x3, 0xdf, 0x3c, 0x0, 0x80, 0x66, 0xb9, 0x0, 0x2, 0x80, 0x67, 0x88, 0x0, 0x80, 0x77, 0x0, 0x5b, 0x78, 0xa, 0x67, 0x77, 0xc6, 0x8, 0x11, 0x9f, 0x0, 0x1, 0x9f, 0x8, 0x88, 0x1, 0x9f, 0x8c, 0x17, 0x87, 0x1, 0x9f, 0x48, 0x42, 0x4c, 0x1, 0x84, 0x44, 0xc8, 0xc5, 0x86, 0x44, 0x78, 0x11, 0xf3, 0xa9, 0xa5, 0xff, 0x85, 0x6, 0x4, 0x66, 0x5, 0xff, 0x67, 0x56, 0x1, 0x97, 0x3f, 0x66, 0x52, 0xf5, 0xff, 0xf2, 0xcb, 0xf6, 0x62, 0x56, 0x74, 0x3, 0x8a, 0xc3, 0xff, 0x7e, 0x60, 0xd0, 0x3, 0x23, 0x67, 0xf2, 0xff, 0x62, 0xff, 0xf3, 0xb1, 0x23, 0xdb, 0x67, 0x7f, 0x77, 0x23, 0x4, 0xa3, 0xb7, 0x63, 0xf4, 0x30, 0x19, 0xe3, 0xd7, 0x33, 0x63, 0x83, 0xd3, 0xff, 0x17, 0x1b, 0xc0, 0xe, 0xf7, 0x2e, 0x83, 0xcb, 0x13, 0x5f, 0x4, 0x45, 0x1, 0x17, 0x4, 0x6e, 0xd7, 0x10, 0xba, 0x13, 0xb8, 0x70, 0x20, 0x58, 0x77, 0x0, 0x6, 0x30, 0x97, 0x3, 0x8f, 0xdf, 0x10, 0x81, 0x3, 0x96, 0x66, 0x10, 0xa3, 0x31, 0x4, 0xe0, 0x3, 0x6, 0xc3, 0x14, 0x1f, 0x3e, 0x0, 0x60, 0x3, 0xe3, 0x24, 0x97, 0x20, 0x3, 0x30, 0x39, 0x0, 0xda, 0x76, 0xfe, 0x40, 0x3, 0x20, 0x42, 0x63, 0xee, 0xf7, 0xcb, 0x5, 0x3b, 0x4, 0x34, 0x0, 0x3, 0x77, 0xf5, 0x10, 0x3, 0x54, 0x3c, 0x90, 0x3, 0x15, 0x53, 0x76, 0x5, 0x50, 0x60, 0x40, 0x4, 0xee, 0x40, 0x7b, 0x24, 0x1e, 0x24, 0x9f, 0x60, 0x15, 0x79, 0x30, 0x12, 0x5, 0x7f, 0x76, 0x13, 0x77, 0x67, 0x70, 0x4, 0x93, 0x77, 0x77, 0x0, 0x2f, 0x14, 0x7e, 0xff, 0x61, 0x47, 0x15, 0xa3, 0x25, 0x9f, 0x20, 0x24, 0x85, 0xd, 0x10, 0xff, 0x11, 0x3, 0x11, 0xc9, 0xfc, 0x90, 0x3, 0x55, 0x96, 0xf0, 0xdf, 0x60, 0xdf, 0x94, 0xd7, 0x85, 0xff, 0x60, 0x77, 0x7f, 0x6, 0x1, 0x54, 0x45, 0x7b, 0x11, 0x65, 0x15, 0xdd, 0xf8, 0xc7, 0x38, 0xd9, 0x26, 0x33, 0xff, 0x60, 0x2d, 0xf8, 0xed, 0xe1, 0x2f, 0x56, 0x5f, 0x25, 0x73, 0x11, 0x36, 0xf5, 0x7f, 0xa5, 0x7f, 0x0, 0x40, 0x86, 0x58, 0x0, 0x94, 0x89, 0x21, 0x90, 0x0, 0xe9, 0x1f, 0x3c, 0x90, 0x8e, 0x18, 0x3c, 0x90, 0x0, 0xc9, 0x88, 0xb9, 0x0, 0xc8, 0x8c, 0xa9, 0x0, 0x45, 0x88, 0x14, 0xff, 0x67, 0x55, 0x85, 0x8, 0x7f, 0x85, 0x48, 0x7f, 0x50, 0x80, 0x8, 0x7f, 0x99, 0x8, 0x7f, 0xb5, 0xaa, 0xc4, 0xdd, 0x1, 0xb5, 0xab, 0x44, 0xdd, 0xa8, 0x9a, 0xc9, 0xf8, 0x7f, 0xfa, 0xc8, 0x7f, 0x52, 0x7, 0xf9, 0xa7, 0xf9, 0xb9, 0x19, 0x9f, 0x8c, 0x9, 0xa4, 0xcd, 0x0, 0x8c, 0x0, 0x0, 0xd4, 0xcd, 0x88, 0x8, 0xcc, 0x50, 0xd4, 0x10, 0x9, 0x58, 0x7, 0xd0, 0x48, 0xc8, 0x0, 0x80, 0x0, 0x64, 0xdc, 0x0, 0x80, 0xc6, 0xcd, 0x0, 0x80, 0x18, 0xdc, 0xcc, 0x0, 0x0, 0xa0, 0x9, 0x5a, 0x78, 0x0, 0x80, 0x28, 0xee, 0x8a, 0x0, 0x9f, 0x45, 0x8, 0x4f, 0x54, 0x48, 0x85, 0x15, 0x58, 0xc5, 0x18, 0x9, 0x1f, 0x8d, 0x9, 0x1f, 0xb8, 0x80, 0x9f, 0xd0, 0xfa, 0x1f, 0xaa, 0x31, 0xc0, 0x37, 0x96, 0x70, 0x6, 0x0, 0x76, 0x7d, 0x67, 0x11, 0x98, 0x17, 0x47, 0x16, 0xb4, 0x2, 0x37, 0x12, 0x3b, 0x66, 0x3, 0x13, 0xff, 0x6, 0xbb, 0x23, 0xf, 0xba, 0x69, 0x87, 0x3b, 0x53, 0xf3, 0x37, 0xb3, 0x6, 0xa4, 0x23, 0x39, 0x8f, 0x53, 0xab, 0x77, 0x77, 0x76, 0x17, 0x97, 0xf7, 0x9a, 0x23, 0xe6, 0x43, 0xc7, 0xfc, 0x92, 0x70, 0xd4, 0x62, 0x14, 0xd, 0x18, 0x41, 0xfa, 0xe9, 0x4a, 0x85, 0x8, 0x0, 0x0, 0x44, 0x67, 0x81, 0x40, 0x76, 0x11, 0x82, 0x40, 0x0, 0xc6, 0x21, 0x12, 0x80, 0xcc, 0x31, 0x22, 0x80, 0x0, 0xdc, 0x32, 0x22, 0x8, 0xd8, 0x32, 0x23, 0x88, 0x10, 0xd8, 0x3c, 0x23, 0x6b, 0x1f, 0xc4, 0x0, 0xe, 0x48, 0x0, 0xcc, 0xec, 0xe, 0xc8, 0xcc, 0xec, 0x7e, 0x81, 0x0, 0xcc, 0xee, 0x77, 0x81, 0xee, 0xee, 0x77, 0x61, 0x3f, 0xe8, 0x66, 0x0, 0xf5, 0xfb, 0x41, 0xa2, 0x7f, 0x7, 0x8c, 0x10, 0x3, 0xd0, 0x2, 0xff, 0x10, 0x17, 0x14, 0xa3, 0x22, 0x6f, 0x8, 0xdc, 0x18, 0xdb, 0xf0, 0xa5, 0x27, 0xcb, 0x14, 0xca, 0x78, 0x76, 0x40, 0x3, 0x20, 0x4b, 0x50, 0x3b, 0x44, 0x3f, 0x37, 0x0, 0x0, 0x2f, 0x36, 0x73, 0x29, 0xd, 0x70, 0xf4, 0xad, 0xfb, 0xdf, 0x4b, 0xda, 0xa, 0xc0, 0xfe, 0xa, 0x47, 0x1b, 0xd2, 0xfb, 0xa3, 0xfa, 0x43, 0xfc, 0x26, 0xfc, 0x38, 0xf1, 0x56, 0x67, 0x6f, 0x81, 0xfc, 0x5e, 0x9c, 0x70, 0xe0, 0xab, 0x27, 0x5a, 0x8b, 0x1c, 0x66, 0x1b, 0xf7, 0xff, 0x1a, 0xf3, 0x1a, 0xf7, 0x39, 0xbe, 0x19, 0xf3, 0x4, 0x6e, 0x21, 0xf4, 0x35, 0xc4, 0x15, 0x53, 0xfd, 0xea, 0x1, 0x15, 0xd8, 0x1a, 0x17, 0x1a, 0x1f, 0xd5, 0x10, 0x59, 0x1f, 0x65, 0x6, 0x17, 0x1e, 0x67, 0x55, 0x65, 0x54, 0xab, 0x39, 0xf7, 0x70, 0x4, 0x4, 0xe1, 0x77, 0x2b, 0x0, 0xc, 0xa, 0x60, 0xcd, 0xa, 0x99, 0x65, 0x7, 0x61, 0xc, 0x1d, 0xa0, 0xa, 0x1f, 0x66, 0x8, 0x83, 0x27, 0x86, 0x77, 0x77, 0x23, 0x0, 0x86, 0x32, 0x33, 0x73, 0x88, 0x76, 0x77, 0x87, 0x10, 0x80, 0x88, 0x44, 0x3, 0x68, 0x80, 0x76, 0x66, 0x0, 0x18, 0x80, 0x68, 0x56, 0xd, 0x14, 0x8, 0xef, 0xdc, 0x8c, 0x0, 0x18, 0xc8, 0xcd, 0x9c, 0xc, 0x94, 0x9, 0x57, 0xee, 0x7a, 0x0, 0x8, 0x80, 0xaa, 0x84, 0x84, 0x18, 0x7f, 0x8c, 0x80, 0x77, 0x0, 0xc8, 0x45, 0x88, 0x44, 0x64, 0x44, 0x88, 0x77, 0xbd, 0x8, 0x7f, 0xee, 0xb, 0xbf, 0x18, 0x83, 0x68, 0x7f, 0xb, 0x3f, 0x8, 0xb, 0x3f, 0x44, 0x8, 0xfb, 0x3f, 0x88, 0x88, 0xc8, 0xd, 0x70, 0x68, 0x54, 0xf0, 0x8, 0xeb, 0x40, 0x3, 0x39, 0xaa, 0x7d, 0x76, 0x65, 0x4c, 0xcc, 0x8, 0x0, 0x75, 0x67, 0x84, 0x8, 0x86, 0x77, 0x56, 0x85, 0x0, 0x84, 0x71, 0x67, 0x55, 0xcc, 0x18, 0x77, 0x67, 0x0, 0xcc, 0x84, 0x61, 0x77, 0xcc, 0x84, 0x11, 0x77, 0xb, 0x4d, 0x18, 0x11, 0x76, 0x0, 0x83, 0x4a, 0xd, 0x46, 0x1d, 0x69, 0xc5, 0x1d, 0x4b, 0xec, 0x3f, 0x44, 0x18, 0x81, 0x0, 0x9f, 0x81, 0xf0, 0x9f, 0x95, 0x6c, 0x63, 0x0, 0xd0, 0xe, 0x23, 0xdc, 0xe, 0x27, 0xcd, 0x3, 0xee, 0x57, 0x5c, 0xe, 0x2f, 0x64, 0xe, 0x33, 0x75, 0x3a, 0xbf, 0x27, 0xc0, 0xfc, 0x83, 0xcc, 0x9d, 0x2b, 0x14, 0x6a, 0xc8, 0x66, 0x9, 0xac, 0xe, 0x2b, 0x80, 0x45, 0xae, 0xd, 0x55, 0x58, 0x40, 0x3, 0x80, 0x2d, 0xdb, 0x53, 0xc7, 0x43, 0x23, 0x6, 0xf4, 0x17, 0xb4, 0x2a, 0xc3, 0x56, 0x53, 0x3a, 0xcc, 0x76, 0x3, 0x0, 0x76, 0x76, 0xef, 0x7, 0x33, 0x20, 0x3, 0x47, 0x1, 0x70, 0x7, 0xe4, 0xfe, 0xbf, 0xfe, 0xc1, 0xfe, 0xe3, 0xa0, 0x1d, 0xbf, 0x8, 0x12, 0xff, 0x0, 0x48, 0xdc, 0x3c, 0x23, 0x1, 0x48, 0xcc, 0x3c, 0x23, 0xc0, 0xcd, 0x32, 0x20, 0x3, 0x40, 0xd0, 0x0, 0x7, 0xdc, 0xcc, 0x33, 0x23, 0xdd, 0x2c, 0x0, 0x33, 0x62, 0xdd, 0x32, 0x33, 0x75, 0x62, 0x84, 0x0, 0x66, 0x66, 0x52, 0x44, 0x78, 0x77, 0x42, 0x48, 0x0, 0x8, 0x77, 0x62, 0x48, 0x86, 0x70, 0x75, 0x85, 0x0, 0x76, 0x8, 0x76, 0x86, 0x78, 0x85, 0x77, 0x57, 0x3, 0x80, 0xc5, 0x77, 0x67, 0x8, 0xc8, 0xff, 0x3f, 0x7f, 0x51, 0x7c, 0xee, 0x2c, 0x6d, 0x18, 0x85, 0x28, 0x6f, 0xf7, 0x9f, 0xf9, 0x1d, 0x0, 0x0, 0x0, 0x99, 0x49, 0x44, 0x0, 0xe9, 0x9f, 0x66, 0x8, 0x1, 0x44, 0xee, 0x89, 0x48, 0xcc, 0xe8, 0x9, 0x27, 0xe4, 0xf8, 0x18, 0x2b, 0x50, 0x3, 0x48, 0x5, 0xf6, 0xf3, 0xdd, 0xfa, 0x80, 0x72, 0x0, 0x1a, 0x0, 0x28, 0xc6, 0xff, 0xdf, 0xf, 0x77, 0x1, 0xd, 0x4b, 0x82, 0x8, 0x0, 0x0, 0x21, 0x13, 0x3f, 0xbe, 0x98, 0xee, 0x6e, 0x0, 0x66, 0xcc, 0xe8, 0x6e, 0x66, 0xdc, 0x8c, 0xee, 0x0, 0x66, 0x84, 0x98, 0xee, 0x55, 0x8, 0x0, 0x99, 0x3c, 0x66, 0x1, 0x8, 0x7a, 0x9e, 0x5c, 0x21, 0x97, 0xc, 0x58, 0x55, 0x55, 0x4d, 0x55, 0xc, 0x76, 0x57, 0x55, 0x18, 0x8b, 0xc, 0x68, 0x76, 0x5, 0x36, 0x55, 0x0, 0x5, 0x36, 0x48, 0x5, 0x36, 0xc8, 0x5, 0x36, 0x81, 0x5, 0x36, 0x54, 0x81, 0x5, 0x36, 0x61, 0x1, 0x56, 0x62, 0x1, 0x56, 0x52, 0xc4, 0x1, 0xe0, 0xe, 0x0, 0xcc, 0xec, 0x6e, 0x6, 0x5, 0x36, 0x0, 0x77, 0xcc, 0xee, 0x7e, 0x77, 0x0, 0xee, 0x66, 0x2, 0x77, 0x8, 0x6e, 0x76, 0x67, 0x84, 0x8, 0xe3, 0x44, 0xfa, 0x3f, 0xd0, 0x16, 0x43, 0x16, 0x47, 0x52, 0x67, 0x6, 0x73, 0xc0, 0x6, 0x77, 0xd0, 0x9f, 0x2, 0x6f, 0xdc, 0x2c, 0xfd, 0x5a, 0xf9, 0x9f, 0xff, 0xa1, 0xb0, 0xb7, 0xff, 0xc1, 0xf7, 0x7f, 0xd3, 0x7, 0xc, 0xff, 0xe0, 0x9f, 0x84, 0xc4, 0x3, 0x80, 0xf3, 0x84, 0x73, 0x84, 0xff, 0x4e, 0xc4, 0xff, 0xff, 0x65, 0x68, 0xfb, 0xa2, 0xff, 0xf6, 0xff, 0xff, 0x3f, 0xeb, 0xff, 0xdf, 0xf5, 0x5f, 0xdb, 0xf, 0x7c, 0xff, 0xfd, 0x2f, 0xf5, 0x11, 0x1, 0xfa, 0x67, 0x1, 0xfa, 0x6, 0x21, 0x0, 0x24, 0xdc, 0x24, 0xdf, 0xff, 0x1, 0xfa, 0x0, 0xb2, 0x1, 0xfa, 0x0, 0x11, 0xfa, 0x1, 0xfe, 0xe0, 0x55, 0xd, 0xd9, 0x66, 0x1f, 0x66, 0x56, 0x5, 0x1, 0xd7, 0x1, 0xd3, 0xfa, 0x43, 0x5f, 0xff, 0xe, 0x0, 0xff, 0x2e, 0x5b, 0xff, 0x71, 0xff, 0x83, 0x53, 0x61, 0x26, 0x64, 0xff, 0xa2, 0x6c, 0x4b, 0xf6, 0x5b, 0xb0, 0x63, 0xb3, 0x10, 0x80, 0x3, 0x3e, 0x86, 0x18, 0x11, 0x0, 0x68, 0x0, 0x67, 0x22, 0x8, 0xc2, 0x6c, 0x21, 0x81, 0xc2, 0x0, 0xcd, 0x14, 0x82, 0x91, 0xdd, 0x4c, 0x21, 0xb8, 0x10, 0xd2, 0xcc, 0x34, 0x8f, 0xff, 0x44, 0x40, 0x44, 0x64, 0x7, 0x56, 0x64, 0x56, 0x88, 0x88, 0xe, 0x32, 0x2c, 0xab, 0x9f, 0x92, 0x18, 0x65, 0x45, 0x4, 0xf1, 0xaa, 0x14, 0xd4, 0x33, 0x53, 0x76, 0x0, 0x2c, 0x33, 0x65, 0x77, 0x35, 0x53, 0x66, 0x77, 0x3, 0x36, 0x76, 0x66, 0x77, 0x57, 0x67, 0x1b, 0x14, 0x2b, 0x70, 0x9, 0x22, 0x77, 0x11, 0x32, 0xf, 0xf6, 0x5, 0x80, 0x35, 0xff, 0x60, 0x57, 0x1f, 0x7f, 0xe, 0x87, 0x77, 0x8, 0x77, 0x33, 0x33, 0x21, 0x86, 0x33, 0x9, 0xb2, 0x77, 0x48, 0x44, 0x88, 0x3, 0x3a, 0x0, 0x55, 0xe8, 0xee, 0x66, 0x66, 0x8c, 0xee, 0x55, 0xc, 0x55, 0x98, 0x99, 0x69, 0xab, 0x83, 0x21, 0xa3, 0x75, 0xcc, 0x8, 0xcd, 0x80, 0x75, 0x5c, 0x0, 0x3, 0x7c, 0xcd, 0x80, 0x10, 0x76, 0x77, 0xcc, 0x40, 0x3, 0x4c, 0x80, 0x77, 0x67, 0x0, 0x54, 0x68, 0x77, 0x67, 0x55, 0x83, 0xcc, 0x98, 0x30, 0x9, 0x12, 0x7, 0x86, 0x13, 0x8b, 0x14, 0x32, 0x81, 0x0, 0x1, 0x1c, 0x21, 0x12, 0x8, 0x4d, 0x11, 0x13, 0x0, 0x3, 0x6, 0x23, 0x8, 0xcd, 0x12, 0x12, 0xfd, 0xde, 0xcd, 0x8f, 0x0, 0xf6, 0x1, 0xe4, 0x8, 0x9c, 0x5, 0x9f, 0x10, 0x7, 0x20, 0x5, 0xa7, 0x19, 0xeb, 0x44, 0x40, 0xc5, 0x0, 0x3, 0x46, 0x0, 0x80, 0x84, 0x56, 0x24, 0x80, 0x3, 0xe3, 0x24, 0x23, 0x8, 0x0, 0x1c, 0x33, 0x81, 0x0, 0x88, 0x4d, 0x32, 0x12, 0x46, 0xcd, 0x31, 0x23, 0x0, 0x61, 0xdd, 0x24, 0x33, 0x12, 0xdd, 0x4c, 0x23, 0x2, 0x13, 0xdd, 0x4d, 0x32, 0x23, 0x82, 0x8, 0x2, 0x82, 0x0, 0xc5, 0x8c, 0x0, 0x21, 0x48, 0xdd, 0x8, 0x11, 0xac, 0x0, 0xc, 0x8, 0x4, 0x17, 0x85, 0xf, 0xe1, 0x4, 0x4, 0x0, 0x65, 0xe2, 0x3f, 0x5f, 0xfc, 0x57, 0x91, 0x3f, 0x32, 0x23, 0x42, 0x5, 0x3a, 0x62, 0xb2, 0x5, 0x3e, 0x75, 0x5, 0x36, 0x1, 0x4b, 0x62, 0x77, 0x5, 0x36, 0x77, 0xab, 0x1, 0x56, 0x77, 0x1, 0x56, 0x77, 0x16, 0xae, 0x48, 0xf, 0xa7, 0x5, 0x36, 0x55, 0x0, 0x5, 0x36, 0x0, 0x5, 0x36, 0xc, 0x5, 0x36, 0xcd, 0x1, 0x56, 0x6a, 0xcc, 0x7, 0x56, 0x16, 0x56, 0x35, 0x6, 0x56, 0x36, 0xf, 0x37, 0x57, 0xf3, 0x6, 0x56, 0xf, 0x5e, 0x1c, 0x73, 0x1c, 0x2f, 0x37, 0x22, 0x8, 0xd6, 0x59, 0x5e, 0x9f, 0x8f, 0xdf, 0x0, 0x78, 0x46, 0xc7, 0x2e, 0xfa, 0x17, 0xd, 0xff, 0x23, 0x7f, 0x35, 0x5f, 0x54, 0xf, 0x99, 0x48, 0xf, 0x9d, 0xf3, 0x2b, 0xff, 0x59, 0x1f, 0x4b, 0x1f, 0x4f, 0xfe, 0x1f, 0xd0, 0x50, 0x3, 0xff, 0x7f, 0x76, 0x40, 0x9, 0x43, 0x99, 0x1e, 0x9, 0x47, 0x80, 0xd7, 0xb, 0xb5, 0x17, 0xac, 0x85, 0xb, 0x6e, 0x8, 0x2b, 0x79, 0x90, 0x57, 0xff, 0xcb, 0x80, 0x60, 0x37, 0x54, 0x0, 0x0, 0x68, 0x75, 0x80, 0x88, 0x0, 0x55, 0x87, 0x80, 0x4e, 0x64, 0x8, 0x40, 0xf4, 0x4, 0x86, 0x0, 0xc8, 0x4c, 0x8e, 0xc, 0x46, 0x88, 0x0, 0x80, 0x12, 0x3, 0x4d, 0x82, 0x82, 0x0, 0x44, 0x81, 0x81, 0x0, 0x0, 0x14, 0x78, 0x58, 0x8, 0x15, 0x76, 0x56, 0x55, 0x8, 0xe, 0x38, 0x85, 0xe, 0x40, 0x86, 0xe, 0x44, 0x56, 0x1, 0xfa, 0x55, 0x24, 0x3, 0xe7, 0x1c, 0x1, 0xfa, 0x4d, 0xb, 0xe6, 0xcd, 0x1, 0xfa, 0x55, 0xdd, 0x1, 0xfa, 0xdd, 0x1, 0xfa, 0xdd, 0x8, 0x86, 0xdc, 0x1, 0xfa, 0x55, 0x98, 0x1, 0xfa, 0xcc, 0x1, 0xfa, 0xdc, 0x1, 0xfa, 0x84, 0x1, 0xfa, 0x50, 0x8, 0x1, 0xfa, 0x1, 0x1, 0xfa, 0x88, 0xcd, 0x24, 0x32, 0x3f, 0x82, 0x65, 0xf, 0xd4, 0x11, 0xe6, 0xff, 0xc8, 0xff, 0xd9, 0xff, 0xeb, 0x6a, 0x3b, 0xe9, 0x1a, 0x43, 0xa, 0x2a, 0x8, 0x9c, 0x40, 0x1, 0x70, 0x58, 0x8, 0x21, 0xf3, 0xdc, 0x10, 0x5b, 0x1a, 0x3f, 0x81, 0xc, 0xc7, 0x2, 0xda, 0x26, 0x6f, 0x11, 0x22, 0xa1, 0x0, 0xc7, 0x31, 0x10, 0x3, 0x82, 0x0, 0x2c, 0x21, 0xaa, 0x1f, 0xe0, 0x1a, 0x7, 0x99, 0xf7, 0x1a, 0x7a, 0x80, 0x78, 0xd3, 0xcc, 0x24, 0x0, 0x30, 0xc2, 0xcd, 0x4c, 0x28, 0xc8, 0xcd, 0x4d, 0x0, 0x84, 0xc5, 0xcd, 0xdc, 0x84, 0xc5, 0xdd, 0xdc, 0x80, 0x0, 0xda, 0xdc, 0x58, 0x56, 0xcd, 0xdd, 0x85, 0x76, 0x6b, 0xcc, 0x8, 0x93, 0xe7, 0xef, 0x28, 0xf, 0xdb, 0x21, 0x1b, 0xd8, 0x10, 0x7a, 0x80, 0x75, 0x15, 0x1, 0x0, 0x76, 0x26, 0x82, 0x0, 0xcc, 0x0, 0x16, 0x12, 0x8, 0xdc, 0x4c, 0x21, 0x8, 0xd9, 0x80, 0x4, 0x43, 0x2b, 0xcd, 0x4c, 0x83, 0x22, 0x66, 0x77, 0xc, 0x88, 0x67, 0x55, 0x44, 0xfb, 0x7b, 0x5a, 0xff, 0x84, 0x44, 0xe, 0x8, 0x48, 0x84, 0x44, 0xd, 0x91, 0x38, 0xc8, 0xb, 0x39, 0x45, 0x9a, 0x30, 0x3, 0x0, 0x58, 0x10, 0x3, 0x3, 0x3a, 0x0, 0x3, 0x3a, 0x0, 0xf0, 0x23, 0x47, 0x8a, 0xc0, 0x13, 0x3a, 0xa, 0x3a, 0x0, 0x68, 0x77, 0x56, 0x0, 0x65, 0x76, 0x27, 0x22, 0x62, 0x37, 0x63, 0x65, 0x1f, 0x32, 0x73, 0x85, 0x3, 0xf1, 0x12, 0x35, 0x82, 0xcf, 0xf1, 0xdf, 0xb1, 0xdf, 0xe6, 0x1e, 0x2, 0x2, 0xc2, 0x11, 0x52, 0x0, 0x68, 0xe, 0xf, 0xd, 0xda, 0x0, 0xa7, 0x9, 0x4d, 0x0, 0xa, 0x16, 0x0, 0x54, 0x12, 0xa8, 0x1a, 0x6b, 0xa, 0x84, 0xbb, 0xb, 0xd1, 0x65, 0xd, 0xeb, 0xf, 0xce, 0x10, 0x3, 0x68, 0x10, 0x3, 0xf, 0xcb, 0x10, 0x78, 0x77, 0xdc, 0x1, 0xe4, 0xdc, 0xdc, 0x4c, 0x12, 0x0, 0xd4, 0xdc, 0x4d, 0x12, 0xd5, 0xcc, 0xcd, 0x14, 0x0, 0xd5, 0xcd, 0xdc, 0xcd, 0xd6, 0xdc, 0x1c, 0xcc, 0x1, 0xc6, 0xdc, 0x1c, 0x81, 0x46, 0xcc, 0x18, 0x10, 0xc3, 0xc0, 0xfb, 0xff, 0x8c, 0x26, 0x58, 0xc7, 0xdc, 0xdc, 0x58, 0xc7, 0x41, 0xd5, 0x0, 0x3, 0xd7, 0x4c, 0x68, 0x77, 0xc7, 0x10, 0x3, 0x40, 0x5c, 0x0, 0x7, 0x64, 0x78, 0x77, 0x46, 0x65, 0x76, 0xfb, 0x0, 0xdb, 0x5, 0x36, 0xd, 0xa0, 0x35, 0x32, 0x45, 0x36, 0x33, 0x15, 0x36, 0x1, 0x56, 0x5c, 0x88, 0x1, 0x56, 0x48, 0x5, 0x36, 0xc, 0x99, 0x1b, 0x43, 0x8, 0x0, 0xef, 0x5, 0x36, 0x2b, 0x4b, 0x5, 0x36, 0x0, 0x1, 0x56, 0x0, 0x3, 0xe, 0xe4, 0xd, 0x9c, 0xc0, 0xfc, 0xb6, 0x8e, 0x27, 0x77, 0x16, 0x81, 0x77, 0x27, 0x62, 0x0, 0x57, 0x33, 0x63, 0x56, 0x88, 0x67, 0x86, 0x88, 0x0, 0x84, 0x88, 0x8, 0x48, 0xc5, 0x44, 0x8, 0x80, 0x7f, 0x6c, 0xf, 0x1e, 0x11, 0xe, 0x2c, 0x1f, 0x51, 0x23, 0x52, 0xc7, 0x14, 0xb6, 0x13, 0xc3, 0xf8, 0xa, 0x71, 0xfa, 0x3, 0xff, 0xff, 0xff, 0x5a, 0x2f, 0x76, 0x18, 0x41, 0x0, 0x35, 0x80, 0x75, 0xfd, 0xde, 0x4f, 0x88, 0x4, 0xf, 0x9a, 0x4c, 0x1c, 0xa4, 0x20, 0x88, 0x74, 0x6, 0x6, 0x68, 0x67, 0x81, 0x88, 0x4c, 0x0, 0x55, 0x85, 0x56, 0xcc, 0xd4, 0x65, 0x87, 0x44, 0x0, 0x6c, 0x78, 0x86, 0x68, 0x7d, 0x78, 0x15, 0xc8, 0x0, 0x76, 0xc4, 0x18, 0x48, 0x44, 0x76, 0x86, 0xc8, 0x0, 0x8d, 0x65, 0x85, 0xc8, 0x8c, 0x54, 0x68, 0x88, 0x1, 0xdc, 0xcc, 0x68, 0x85, 0x8c, 0xc7, 0x58, 0x0, 0xc7, 0x0, 0x8c, 0xc6, 0x4c, 0x56, 0x84, 0xc8, 0x9d, 0xc4, 0xb, 0x4c, 0x41, 0xe4, 0x83, 0xf, 0xe3, 0x12, 0xd, 0x64, 0xf5, 0xff, 0x80, 0x35, 0xff, 0x76, 0x77, 0x67, 0x11, 0x77, 0x77, 0x22, 0x0, 0x76, 0x33, 0x33, 0x66, 0x85, 0x77, 0x66, 0x88, 0x96, 0xb, 0xbb, 0x80, 0x54, 0x1, 0x36, 0xc8, 0x9, 0x3b, 0x14, 0x6c, 0x80, 0xca, 0xc, 0x7f, 0xf, 0xd7, 0x65, 0xd4, 0x1, 0xfa, 0xd5, 0x20, 0x3, 0x68, 0x2a, 0x67, 0xd6, 0x2, 0x74, 0xc6, 0x1, 0xfa, 0x46, 0x1, 0xfe, 0x67, 0xaa, 0x1, 0xfa, 0x82, 0x1, 0xfa, 0x21, 0x1, 0xfa, 0x11, 0x1, 0xfa, 0x8, 0xb0, 0x1, 0xfa, 0x85, 0x1, 0xfa, 0xc, 0x27, 0x58, 0x65, 0xc5, 0x66, 0x70, 0x66, 0x2, 0x33, 0x96, 0x4b, 0x3d, 0x7c, 0x99, 0x9, 0x0, 0x0, 0x58, 0xff, 0x0, 0x3, 0x9f, 0x3c, 0x66, 0x2, 0xe7, 0x48, 0x65, 0x0, 0x0, 0x80, 0x56, 0x87, 0x88, 0x58, 0x75, 0x8, 0xe8, 0x0, 0x44, 0x86, 0x0, 0x44, 0x6f, 0x8, 0x0, 0xcc, 0x7c, 0xe4, 0x0, 0x3, 0xe, 0x3e, 0xf4, 0x3b, 0xbf, 0xe8, 0x13, 0xe3, 0x24, 0x28, 0x80, 0x6, 0xdb, 0x18, 0x8, 0x0, 0x81, 0x87, 0x85, 0x0, 0x7, 0x61, 0x67, 0x85, 0x0, 0x76, 0x2, 0xd6, 0xb, 0xc3, 0x10, 0x3, 0xf5, 0x12, 0xda, 0xff, 0xba, 0xfb, 0xbf, 0x1e, 0xa3, 0x18, 0xe, 0x8d, 0x21, 0x0, 0x2, 0x0, 0x82, 0x80, 0x21, 0x23, 0x52, 0x28, 0x33, 0x21, 0xf, 0x68, 0x33, 0x18, 0x12, 0x10, 0xbf, 0x5e, 0xbf, 0x1c, 0x53, 0xe, 0x33, 0x70, 0x80, 0xc, 0xeb, 0x20, 0x3, 0x1e, 0xba, 0x58, 0x37, 0xcd, 0x4c, 0x80, 0x1b, 0xd0, 0x24, 0x82, 0xdc, 0xdc, 0x14, 0x58, 0xdc, 0x0, 0xcc, 0x4d, 0x58, 0xdc, 0xcd, 0xcd, 0x68, 0xd5, 0x1, 0xcd, 0xdd, 0x65, 0xd5, 0xdc, 0xdd, 0x68, 0x2, 0xdb, 0xbd, 0xd8, 0x93, 0x87, 0x13, 0xd8, 0x2d, 0x29, 0x3e, 0x86, 0x41, 0xbf, 0xdc, 0x1, 0xbf, 0x50, 0xcc, 0x11, 0xbf, 0xc6, 0x1, 0xbf, 0x56, 0x88, 0xc6, 0x4c, 0x5d, 0xc4, 0x1, 0xbf, 0xcc, 0x1, 0xbf, 0x16, 0xc3, 0xe, 0x1a, 0x0, 0xe, 0x1a, 0x55, 0x0, 0xe, 0x1a, 0x0, 0xe, 0x1a, 0x0, 0xe, 0x1a, 0x0, 0x1e, 0x1a, 0x80, 0x1a, 0x3a, 0xcc, 0x4c, 0x81, 0xe9, 0x4d, 0x14, 0x11, 0x0, 0x99, 0xaa, 0x8a, 0x11, 0x51, 0x5a, 0x85, 0x21, 0x0, 0x51, 0x64, 0x8e, 0x21, 0x51, 0xe8, 0xae, 0x21, 0x0, 0x12, 0xa8, 0x44, 0x11, 0x12, 0x40, 0x44, 0x88, 0x74, 0x22, 0xf1, 0xdf, 0xb1, 0xdf, 0x52, 0x5f, 0x88, 0xe, 0x10, 0x85, 0x56, 0x0, 0xc8, 0xd4, 0x64, 0x87, 0x44, 0x6d, 0x78, 0x86, 0x1, 0xdc, 0x76, 0x78, 0x85, 0xcc, 0x76, 0xcc, 0x2, 0x5f, 0xfc, 0x13, 0xe3, 0x2, 0xa7, 0x0, 0x3, 0x7, 0x37, 0x8, 0xa9, 0x0, 0x3, 0x23, 0x0, 0x30, 0x80, 0x37, 0xe, 0x7f, 0x0, 0x88, 0x78, 0x87, 0x0, 0x67, 0xb0, 0x1, 0xe4, 0x67, 0xb, 0xb2, 0xe, 0xef, 0x77, 0x23, 0x11, 0x61, 0x4, 0x76, 0x56, 0x55, 0x11, 0x62, 0xe, 0x5b, 0x25, 0x80, 0x1a, 0x48, 0x84, 0x88, 0xe, 0x16, 0x5f, 0xff, 0x68, 0x47, 0x57, 0x38, 0xf5, 0xf, 0x86, 0xd, 0xd3, 0x1d, 0x9b, 0x3f, 0xf9, 0x76, 0x10, 0x3c, 0x22, 0x2, 0x7f, 0xb, 0x56, 0x26, 0x33, 0x57, 0xe, 0xf5, 0x86, 0x2d, 0x39, 0x6f, 0x9b, 0xc0, 0x5f, 0x9f, 0x41, 0x9f, 0x80, 0x82, 0x0, 0x80, 0x28, 0x61, 0x1, 0x0, 0x38, 0x12, 0x75, 0x0, 0x88, 0x12, 0xe, 0x7b, 0x4, 0x51, 0x47, 0x0, 0x18, 0x61, 0x0, 0x3, 0x75, 0x47, 0xa2, 0xf, 0x27, 0x87, 0x0, 0x9f, 0x87, 0x0, 0x18, 0x20, 0x3, 0x86, 0xf, 0x0, 0x68, 0x72, 0x86, 0x0, 0xa7, 0x28, 0x61, 0x1f, 0xec, 0xf2, 0x7f, 0xff, 0x62, 0x7f, 0x16, 0xf, 0x57, 0xff, 0xfa, 0x97, 0x15, 0x7, 0x1b, 0xb, 0xfb, 0x86, 0x2f, 0xfd, 0x48, 0x69, 0x1, 0xd0, 0x88, 0x76, 0x0, 0xea, 0x88, 0x77, 0x8, 0xba, 0xf, 0xa0, 0x87, 0x8, 0xd2, 0x27, 0x96, 0x18, 0xda, 0x61, 0x1f, 0x46, 0x18, 0x0, 0x22, 0xcc, 0x0, 0xc1, 0x23, 0x2d, 0x0, 0xc1, 0x0, 0xa3, 0x28, 0x0, 0x90, 0x7b, 0x71, 0x0, 0x90, 0x0, 0x7a, 0xb7, 0x0, 0xd8, 0xa8, 0x97, 0x80, 0xc4, 0x1, 0x16, 0x76, 0x88, 0x16, 0x23, 0xdc, 0xc5, 0xf, 0x9f, 0x55, 0xcc, 0xf, 0xa3, 0xcd, 0xf, 0xa7, 0x1d, 0xf, 0xee, 0x23, 0x0, 0x8, 0x0, 0x83, 0xd1, 0x8, 0x0, 0x26, 0x58, 0x8c, 0x0, 0x0, 0x52, 0x64, 0xd8, 0x8, 0xdc, 0x84, 0xd4, 0xdd, 0x0, 0xdd, 0x8c, 0xdc, 0xdd, 0x44, 0x81, 0x7b, 0xa7, 0x0, 0x18, 0x81, 0x66, 0x56, 0x18, 0x41, 0x77, 0x46, 0x0, 0x11, 0x91, 0xff, 0x9f, 0x11, 0x91, 0xee, 0x89, 0x60, 0x11, 0xa, 0x1f, 0x21, 0xff, 0x84, 0x11, 0x99, 0xa9, 0x89, 0x0, 0x11, 0x51, 0x59, 0x88, 0x21, 0x51, 0x68, 0x18, 0x8, 0x21, 0x51, 0xea, 0x18, 0x1, 0xff, 0x18, 0x11, 0x12, 0xaf, 0x6, 0x54, 0x22, 0x8, 0xce, 0x83, 0xf, 0xd0, 0x19, 0x69, 0x4b, 0xef, 0xf, 0x97, 0xc5, 0x1f, 0x9b, 0x3b, 0x3b, 0x88, 0x0, 0x40, 0xd, 0x8e, 0x40, 0xf, 0x3b, 0x2, 0x58, 0x45, 0x8, 0x88, 0xc4, 0x8c, 0x0, 0xc6, 0x86, 0xfa, 0x5, 0x58, 0x6, 0x8e, 0x16, 0x92, 0xf, 0xc8, 0x1, 0xfa, 0x67, 0xa, 0x57, 0x67, 0xaa, 0xa, 0xa4, 0x23, 0x1, 0xfa, 0x56, 0x1, 0xfa, 0x88, 0x1, 0xfa, 0x80, 0xf5, 0x1, 0xfa, 0x2c, 0x9a, 0x1d, 0xad, 0x1, 0xfa, 0x77, 0x1, 0xfa, 0x77, 0x1, 0xfa, 0x55, 0x77, 0x1, 0xfa, 0x32, 0x1, 0xfa, 0x76, 0x1, 0xfa, 0x88, 0xc, 0x9a, 0x5d, 0x80, 0x51, 0x1f, 0x8, 0x1, 0x1f, 0x8, 0xb1, 0xe1, 0x1f, 0x80, 0x10, 0x27, 0xa0, 0x5, 0xa7, 0x80, 0x2, 0xd0, 0x88, 0xc4, 0x46, 0x88, 0x88, 0x2f, 0x58, 0x55, 0x2, 0x8a, 0x45, 0x20, 0x7b, 0x10, 0x80, 0x11, 0x43, 0x16, 0x9b, 0xfe, 0x16, 0x9f, 0x53, 0x36, 0x50, 0x1c, 0xfd, 0x19, 0xff, 0xad, 0xc1, 0xfe, 0xe1, 0xe7, 0x88, 0x0, 0x31, 0x82, 0x46, 0x80, 0x23, 0x51, 0x47, 0x38, 0x40, 0x12, 0x3, 0x3, 0x12, 0x75, 0x67, 0x80, 0x88, 0x76, 0x29, 0x57, 0x80, 0x12, 0x47, 0x28, 0x2, 0x4b, 0x68, 0x73, 0x13, 0xae, 0xfd, 0xff, 0xff, 0xff, 0xf4, 0xff, 0xa6, 0xff, 0xb8, 0xed, 0x5f, 0x3e, 0x0, 0x37, 0x4, 0x12, 0x5d, 0x78, 0xf, 0x2d, 0x80, 0x4, 0x1a, 0xf1, 0x9f, 0x1, 0xb, 0x80, 0x1, 0x9b, 0x9a, 0x0, 0x3, 0x44, 0x80, 0xf1, 0x9f, 0x1, 0xa6, 0x8, 0x33, 0x65, 0xc4, 0x9f, 0xb, 0x4b, 0x6c, 0x44, 0x13, 0xc5, 0x31, 0xb7, 0xf1, 0x3f, 0xf1, 0x3f, 0x1f, 0x9d, 0x28, 0xdc, 0x88, 0x2, 0x5f, 0x84, 0x12, 0x5f, 0x77, 0x9b, 0x11, 0x8, 0x81, 0x66, 0x45, 0x11, 0x32, 0x5f, 0x9e, 0x81, 0x98, 0x1f, 0xee, 0x89, 0x8, 0x12, 0x1b, 0xff, 0xff, 0xff, 0xf2, 0xff, 0x40, 0x6f, 0xd9, 0x0, 0x0

.align 2, 0
Anim_BANIM_AlearLord_Sword_Sheet_4:
.byte  0x10, 0x0, 0x20, 0x0, 0x30, 0x0, 0x0, 0xf0, 0x1, 0x20, 0x13, 0x7, 0x0, 0x0, 0x70, 0x60, 0x6, 0xf0, 0x1d, 0x40, 0x2f, 0x76, 0x0, 0x60, 0x77, 0x67, 0x8, 0x76, 0x77, 0x67, 0x66, 0xb0, 0x3f, 0x60, 0x66, 0x0, 0x15, 0x67, 0x66, 0x6, 0x0, 0x2, 0x0, 0xc0, 0x18, 0x0, 0x10, 0x10, 0xea, 0xe0, 0x13, 0xf0, 0x7c, 0xd0, 0x8e, 0x60, 0x40, 0x9f, 0x70, 0x0, 0x5b, 0x77, 0xa8, 0x0, 0x76, 0x67, 0x0, 0x77, 0x6, 0x0, 0x6, 0x6, 0x76, 0x77, 0x5c, 0x66, 0x0, 0x7e, 0x76, 0x0, 0x13, 0x0, 0x17, 0x0, 0x88, 0x77, 0x77, 0x34, 0x66, 0x66, 0x0, 0x2, 0x10, 0x1, 0x6, 0x0, 0x2, 0x0, 0x66, 0xfe, 0x40, 0x6f, 0x0, 0x16, 0x0, 0xb, 0x0, 0x8f, 0x0, 0xcb, 0xf0, 0xce, 0xf0, 0xfd, 0x0, 0x0, 0x0, 0x20, 0x2, 0x0, 0x0, 0x22, 0x2, 0x0, 0x35, 0x22, 0x22, 0x10, 0x2, 0x11, 0x1e, 0xb0, 0x1, 0x23, 0xbb, 0x0, 0x6, 0x94, 0x0, 0x3, 0xbb, 0xb, 0x0, 0xa, 0x2b, 0x0, 0xa, 0x22, 0x0, 0x3a, 0x7b, 0x2b, 0x30, 0x3, 0xf1, 0x40, 0x11, 0x52, 0xc0, 0x1, 0x57, 0xcc, 0x80, 0x1, 0x5b, 0xc, 0x11, 0x2c, 0xd2, 0xdd, 0x11, 0xcc, 0x0, 0xdc, 0xdd, 0x77, 0xdd, 0xdd, 0xdd, 0xd2, 0xdd, 0x0, 0xd7, 0xd6, 0x22, 0xdd, 0x67, 0xc6, 0x29, 0xcd, 0x0, 0x67, 0x67, 0x79, 0x66, 0x67, 0x67, 0xa7, 0x44, 0x2c, 0x64, 0x67, 0x11, 0x7f, 0xdd, 0x10, 0x3, 0x0, 0x4, 0xdd, 0xdd, 0x0, 0xd, 0x0, 0xdd, 0xd6, 0xd, 0x0, 0x6d, 0xd6, 0x3, 0xdd, 0x0, 0x77, 0xd6, 0xdd, 0xd, 0x0, 0xe9, 0x50, 0x4e, 0xf5, 0x10, 0x4b, 0x10, 0x4f, 0xf1, 0xae, 0xa1, 0xc0, 0x70, 0x1, 0x23, 0x0, 0x10, 0x3, 0x73, 0x76, 0x31, 0x33, 0x61, 0x3f, 0x21, 0xe6, 0x77, 0x77, 0xf0, 0x1, 0xa1, 0xa2, 0x1, 0x77, 0x66, 0x56, 0x66, 0x76, 0x67, 0x56, 0x1, 0xd8, 0xe2, 0x1, 0x4b, 0x1, 0x53, 0x11, 0xe1, 0x64, 0x4e, 0x5, 0x10, 0x3, 0x77, 0x0, 0xe6, 0x5e, 0x45, 0xdd, 0xe6, 0x54, 0x45, 0xdd, 0x10, 0xd, 0x45, 0x45, 0x0, 0xaf, 0x55, 0x1f, 0x0, 0x0, 0x2b, 0x54, 0xc, 0x0, 0x7, 0x76, 0x0, 0x54, 0x60, 0x10, 0x47, 0x0, 0x8, 0xe8, 0x2, 0x13, 0x50, 0x7b, 0x62, 0x56, 0xee, 0x2, 0x60, 0x56, 0xee, 0xee, 0x60, 0xff, 0x11, 0x9a, 0xf0, 0x7f, 0x77, 0x67, 0x0, 0xee, 0xff, 0x2c, 0xff, 0xff, 0x20, 0x1d, 0x76, 0x1, 0xc3, 0xa0, 0xa1, 0x76, 0x66, 0x2d, 0x66, 0x55, 0x0, 0xc7, 0x50, 0x11, 0xe3, 0x2, 0x8d, 0x76, 0xf1, 0xc1, 0x97, 0x22, 0xbc, 0x40, 0x44, 0x0, 0x3, 0x4, 0x2, 0xc7, 0x10, 0x3, 0x62, 0xce, 0x1c, 0x80, 0x88, 0x88, 0x20, 0x1, 0xf2, 0xdf, 0x32, 0xf1, 0x88, 0x8, 0xff, 0x0, 0x3, 0x0, 0x1d, 0x10, 0x27, 0xf3, 0x3, 0xf3, 0x15, 0xf3, 0x27, 0xf2, 0x9f, 0xf2, 0x9f, 0xf7, 0x12, 0x9f, 0xf2, 0xd3, 0x42, 0xd7, 0x11, 0x9f, 0x76, 0x11, 0xa4, 0x20, 0x8, 0x41, 0xb8, 0xeb, 0x11, 0xc0, 0x12, 0x14, 0x2, 0x18, 0x60, 0x2, 0x1c, 0x76, 0x21, 0xc5, 0x60, 0x3, 0xf5, 0x3, 0x90, 0x20, 0x3, 0x13, 0x9c, 0x30, 0x3, 0x55, 0x3, 0x81, 0x55, 0x3, 0xa7, 0x6b, 0x65, 0x50, 0x3, 0x33, 0x6a, 0xc0, 0x3, 0x98, 0xcc, 0x3, 0x9c, 0x1, 0xa2, 0xe3, 0x43, 0xe1, 0x3, 0xcb, 0x13, 0x41, 0x60, 0x77, 0x7, 0x21, 0xa6, 0x40, 0x3, 0x7e, 0x7, 0x40, 0x6b, 0x20, 0x1e, 0x3, 0xd6, 0x23, 0x4b, 0x13, 0xd7, 0x3, 0xda, 0x66, 0xf8, 0x0, 0x2, 0x3, 0x64, 0x13, 0xe7, 0xf0, 0x3, 0x50, 0x17, 0x66, 0x55, 0x55, 0x57, 0x55, 0x30, 0x3, 0x56, 0x70, 0x3, 0x65, 0x40, 0x3, 0x1, 0xc0, 0x84, 0x4e, 0xff, 0x60, 0xdf, 0x0, 0x82, 0x2, 0x8b, 0x30, 0x3, 0x32, 0xab, 0x13, 0xdb, 0x12, 0xbb, 0x60, 0x3, 0xaf, 0x3, 0x17, 0x70, 0x4, 0x5b, 0x60, 0x32, 0x87, 0x3, 0xdc, 0x10, 0x6a, 0x50, 0x93, 0x9f, 0x33, 0xe6, 0x65, 0x66, 0x2, 0xad, 0x13, 0xd6, 0xf4, 0xc2, 0x43, 0x7c, 0xf3, 0x30, 0x80, 0x84, 0xed, 0x18, 0x41, 0x4, 0x80, 0x75, 0x67, 0x4c, 0xae, 0x3, 0xe9, 0x0, 0xd3, 0xc4, 0x22, 0x13, 0xfe, 0x4, 0x5, 0x13, 0x8f, 0x0, 0x0, 0xb7, 0x67, 0x11, 0x0, 0xb7, 0x76, 0x21, 0x0, 0x4, 0x77, 0x61, 0x77, 0x0, 0x77, 0x13, 0xf7, 0xb7, 0xbb, 0x20, 0x0, 0xbb, 0x3, 0x37, 0xbb, 0x7b, 0x77, 0x0, 0xd0, 0x3e, 0xbb, 0x7b, 0x5, 0x3f, 0x0, 0x24, 0x65, 0x45, 0x90, 0xb, 0x25, 0x5a, 0x59, 0x14, 0x55, 0x45, 0x76, 0x1, 0x22, 0x74, 0x10, 0x3, 0x66, 0x44, 0x3e, 0x44, 0x44, 0x11, 0x59, 0x40, 0x3, 0x11, 0x65, 0x2, 0xe5, 0x13, 0x97, 0x6, 0x8a, 0x40, 0x3, 0x7, 0x0, 0x71, 0x1, 0x9f, 0x72, 0x3, 0x96, 0x72, 0x8e, 0x0, 0x8, 0x72, 0x12, 0x76, 0x11, 0x36, 0xf5, 0xa2, 0x65, 0xb4, 0xd0, 0x7f, 0xdd, 0xf3, 0x7f, 0xb3, 0x7f, 0x21, 0x3a, 0xd3, 0x58, 0x13, 0xf7, 0x33, 0xab, 0x3, 0x93, 0xe0, 0xf3, 0x96, 0x90, 0x1f, 0x3, 0x58, 0x55, 0x4, 0x0, 0x50, 0x45, 0x13, 0x4, 0x0, 0x55, 0x0, 0x3, 0x40, 0x4, 0xa3, 0x64, 0xf6, 0x3c, 0xfe, 0xa3, 0x82, 0x13, 0x66, 0x51, 0xfb, 0xe1, 0xff, 0x40, 0x3, 0xf6, 0x7f, 0x60, 0x3b, 0x28, 0x80, 0x3, 0xc5, 0x33, 0x86, 0xcc, 0x8d, 0x0, 0x85, 0xcc, 0x0, 0x8c, 0x0, 0x58, 0xc8, 0xdc, 0x8, 0x18, 0x85, 0x20, 0x8c, 0x0, 0x10, 0x3, 0x8c, 0x51, 0xd8, 0x8, 0x84, 0x3, 0x51, 0xc8, 0x8d, 0x4c, 0x11, 0xc5, 0x3, 0xc5, 0x36, 0xc1, 0xfe, 0x60, 0x8, 0x86, 0xd0, 0x10, 0x1c, 0xf4, 0x0, 0xf6, 0xf1, 0x27, 0x3, 0x44, 0x41, 0x50, 0x5f, 0x46, 0x80, 0x3, 0x47, 0x92, 0x9f, 0x6, 0x6b, 0x4, 0xe8, 0x14, 0xeb, 0x13, 0x13, 0xff, 0x62, 0x93, 0xf2, 0x9f, 0xa2, 0x9f, 0x73, 0xda, 0x33, 0x7d, 0x35, 0xa3, 0x16, 0xb7, 0x16, 0xbb, 0xef, 0x15, 0x0, 0x7, 0x48, 0x16, 0xc0, 0x60, 0x23, 0x75, 0x22, 0x13, 0x13, 0x74, 0x16, 0xdd, 0xf5, 0x11, 0x9c, 0x33, 0xa, 0x13, 0xe, 0xa3, 0x22, 0x6, 0x40, 0x3, 0x7, 0x7, 0x80, 0x6f, 0xd, 0x17, 0x84, 0x40, 0x3, 0xd, 0x13, 0xff, 0x90, 0x3, 0x15, 0x9b, 0xf0, 0x3, 0xf0, 0x70, 0x13, 0x43, 0x4e, 0x7, 0x33, 0x67, 0x27, 0xe, 0x66, 0x0, 0xe0, 0x5, 0xee, 0x6, 0x0, 0xee, 0xce, 0x5, 0xbd, 0xcc, 0x15, 0xa3, 0xf7, 0x80, 0x3, 0xe6, 0x42, 0x13, 0xe3, 0x4, 0x28, 0x55, 0x7, 0x7c, 0x10, 0x3, 0xe6, 0x3f, 0xf7, 0x12, 0xd3, 0x30, 0x3, 0x3, 0x3e, 0x30, 0x3, 0x7, 0x40, 0x3, 0x46, 0x7f, 0x8, 0x33, 0xb6, 0x70, 0x3, 0x56, 0x8, 0x43, 0x4, 0x33, 0x50, 0x10, 0x3, 0x4, 0xca, 0x50, 0x5f, 0x65, 0x3, 0xe6, 0x6, 0x11, 0x46, 0x0, 0x6, 0x0, 0x3, 0x8, 0x46, 0x8, 0x93, 0xb6, 0x8, 0x74, 0xe0, 0x14, 0xe3, 0x8, 0x9e, 0xce, 0x74, 0xe0, 0xd8, 0xc9, 0x22, 0x20, 0x0, 0xbb, 0x7, 0xca, 0x18, 0x22, 0xcc, 0xc5, 0xc1, 0x0, 0x23, 0x2d, 0xcc, 0xc1, 0xa3, 0x28, 0xcd, 0x90, 0x0, 0x7b, 0x71, 0x1d, 0x90, 0x7a, 0xb7, 0x23, 0xd8, 0x0, 0xa8, 0x97, 0x83, 0xc4, 0x16, 0x76, 0x26, 0x16, 0x14, 0x23, 0xdc, 0x52, 0x7, 0x96, 0xd, 0x7, 0x9a, 0xdd, 0x7d, 0xc5, 0x20, 0x3, 0x0, 0x1, 0xd7, 0x7d, 0xd6, 0x7, 0x27, 0xd6, 0x6, 0xd7, 0x20, 0x76, 0x16, 0x7, 0x30, 0xd0, 0xdd, 0x4d, 0xcc, 0x66, 0x3, 0x56, 0x44, 0x5c, 0x6c, 0x6, 0x0, 0x14, 0xcb, 0x28, 0x52, 0xca, 0xc0, 0x3, 0x69, 0x42, 0x55, 0x5, 0x7, 0x18, 0xe5, 0x7, 0x1c, 0x55, 0x1a, 0xe, 0x0, 0x56, 0x0, 0x8, 0x5, 0x1b, 0xe5, 0x91, 0xd3, 0x76, 0xb4, 0x8, 0x4, 0xd7, 0x10, 0x6c, 0x20, 0x3, 0xfe, 0x16, 0xf8, 0xee, 0x0, 0x2, 0x22, 0x71, 0x6, 0x0, 0x20, 0x72, 0x9, 0x69, 0x12, 0x0, 0x6, 0x4, 0x0, 0x20, 0x1, 0x44, 0x0, 0x20, 0x4c, 0x0, 0x6, 0xd0, 0x0, 0x45, 0x9, 0x98, 0x10, 0x7, 0x0, 0x58, 0x20, 0x85, 0x44, 0x30, 0x3, 0x84, 0xc4, 0x88, 0xc4, 0x8c, 0x0, 0x6c, 0x88, 0x77, 0x86, 0x48, 0x88, 0x55, 0x84, 0x18, 0x88, 0x88, 0x44, 0x0, 0x3, 0x6, 0xe3, 0x8, 0x0, 0x88, 0x4b, 0x61, 0x6, 0xca, 0x58, 0x86, 0x0, 0x29, 0x44, 0x6, 0xf3, 0x10, 0x1a, 0xfb, 0x80, 0x1, 0xf3, 0x16, 0xf3, 0x2f, 0x66, 0x1f, 0x26, 0x23, 0x57, 0xb0, 0x3, 0xfa, 0x1f, 0xd8, 0x47, 0x3f, 0x77, 0x5f, 0x48, 0x7, 0x6d, 0x0, 0x3, 0x18, 0x81, 0x0, 0x0, 0x88, 0x21, 0x85, 0x88, 0x21, 0x82, 0x85, 0x21, 0x0, 0x23, 0x52, 0x78, 0x33, 0x21, 0x68, 0x78, 0x18, 0x1f, 0x12, 0x65, 0xc4, 0x55, 0xe7, 0x18, 0x69, 0x35, 0xe1, 0x83, 0xfc, 0x16, 0xc7, 0xaf, 0x27, 0x85, 0x8, 0x14, 0x2b, 0x38, 0x17, 0xb5, 0x7, 0xb9, 0x14, 0x37, 0x14, 0x3b, 0x82, 0x2a, 0x9a, 0x4c, 0x11, 0x85, 0x8c, 0x89, 0x20, 0x3, 0x51, 0x0, 0x88, 0x88, 0x21, 0x51, 0x8, 0x18, 0x21, 0x51, 0x0, 0x86, 0x18, 0x21, 0x12, 0x86, 0x18, 0x11, 0x12, 0xf, 0x86, 0x88, 0x88, 0x22, 0x10, 0xfb, 0x23, 0xfb, 0x54, 0x8, 0x23, 0xf3, 0xf8, 0x7, 0xf6, 0xa7, 0xfb, 0x1a, 0xcb, 0x9, 0x11, 0x10, 0x3, 0x67, 0x67, 0x7, 0xff, 0xa0, 0x3, 0x13, 0xe3, 0xf0, 0x3, 0x70, 0x13, 0x2a, 0x57, 0x7, 0xb, 0x1a, 0x5b, 0x7, 0x12, 0xd3, 0x6, 0x71, 0x2, 0xef, 0x66, 0x16, 0xdb, 0x55, 0x65, 0x0, 0x6, 0xf2, 0x9f, 0xdf, 0xc2, 0x9f, 0x47, 0x6c, 0x67, 0x9, 0x9a, 0x30, 0x3, 0x19, 0x27, 0x19, 0x2b, 0x53, 0x7f, 0xfb, 0xb, 0x43, 0x1b, 0x47, 0xa, 0xcf, 0x15, 0x8b, 0x9, 0x75, 0x56, 0x29, 0x86, 0x9, 0x8a, 0x7c, 0x56, 0x7, 0x5c, 0x3, 0xf, 0x9, 0x23, 0xb0, 0x3, 0x81, 0x51, 0x77, 0x77, 0xf5, 0x17, 0x60, 0x20, 0x3, 0x12, 0x7b, 0xf2, 0x7f, 0xe5, 0x4, 0x56, 0x77, 0x10, 0x3, 0x0, 0xe0, 0x7f, 0x77, 0x77, 0xcc, 0xff, 0x77, 0x77, 0x0, 0xdc, 0xfd, 0x7f, 0x77, 0xdc, 0xdd, 0x7f, 0x77, 0x0, 0xd8, 0xdd, 0xfd, 0x77, 0x50, 0xdd, 0xdd, 0x7f, 0xa, 0x0, 0xe0, 0xce, 0xcc, 0x3, 0xe6, 0xcc, 0x0, 0x6, 0xc, 0xab, 0x0, 0x6, 0x0, 0x0, 0x6, 0x0, 0x0, 0x6, 0x0, 0x0, 0x6, 0x88, 0x3c, 0xfa, 0x5b, 0x83, 0x68, 0x8d, 0x67, 0x3f, 0xfc, 0x3f, 0x7c, 0x51, 0x84, 0xca, 0x73, 0x70, 0xf6, 0x1a, 0x6f, 0x0, 0x4, 0x72, 0xd, 0x1a, 0xab, 0x50, 0xc, 0x43, 0x10, 0x3, 0x60, 0xef, 0x18, 0xa1, 0x38, 0x86, 0xac, 0x94, 0xe0, 0xb, 0x47, 0x13, 0xe6, 0x2b, 0x4e, 0x3b, 0x59, 0x84, 0x8c, 0xb4, 0xb, 0x22, 0x2, 0x20, 0xb, 0xae, 0x22, 0x20, 0x28, 0x22, 0x22, 0x50, 0x1, 0x2, 0x70, 0xa, 0x22, 0x22, 0x88, 0x0, 0x74, 0x77, 0x76, 0x44, 0x68, 0x67, 0x65, 0x88, 0x0, 0x4c, 0x55, 0x54, 0x56, 0xcc, 0xd4, 0xcc, 0x87, 0x0, 0x44, 0x6c, 0xc7, 0x86, 0x68, 0x7d, 0x67, 0x15, 0x0, 0xc8, 0x76, 0x56, 0x18, 0x48, 0x44, 0xc4, 0x26, 0x0, 0x11, 0x77, 0x77, 0x26, 0x22, 0x71, 0x77, 0xdc, 0x0, 0x22, 0x12, 0x77, 0xdc, 0x2c, 0x22, 0x17, 0xdd, 0x0, 0x2d, 0x22, 0x27, 0xcd, 0x4d, 0x22, 0x22, 0xc6, 0x1, 0x6c, 0x24, 0x22, 0x46, 0x6c, 0x4e, 0x20, 0x3b, 0x53, 0xcb, 0x48, 0xad, 0x21, 0xc3, 0x67, 0x76, 0xb, 0x48, 0xdd, 0xb, 0xb0, 0x23, 0xc9, 0x78, 0x67, 0x2, 0xb, 0x1c, 0x77, 0x2c, 0x7f, 0xfb, 0x60, 0x77, 0xef, 0x76, 0x0, 0x67, 0x44, 0x76, 0x77, 0x6, 0x44, 0x77, 0x77, 0x5a, 0x40, 0x30, 0x3, 0x6, 0x0, 0x7, 0xa, 0xb3, 0x7, 0xa, 0xb7, 0x6, 0xf5, 0xa, 0xbb, 0x13, 0xeb, 0xf7, 0x53, 0xa8, 0xa7, 0x84, 0x8, 0xa7, 0x8c, 0x4, 0xc7, 0x50, 0x85, 0x4, 0xc7, 0x4c, 0x4, 0xc7, 0x4d, 0x80, 0x7a, 0xb1, 0x0, 0x54, 0x80, 0xb8, 0xa7, 0x64, 0xd8, 0x8c, 0x48, 0xb5, 0x1b, 0xe7, 0xd0, 0x47, 0x6b, 0x53, 0x37, 0x58, 0xd, 0xd3, 0x68, 0xb, 0x1, 0x7a, 0x75, 0xb, 0x5, 0x2b, 0x8b, 0x1b, 0x4, 0x94, 0x9, 0x99, 0xd, 0xf4, 0x9f, 0xbe, 0xd, 0xf8, 0x89, 0x1d, 0xb1, 0xc3, 0xef, 0xd3, 0xff, 0xfb, 0x43, 0xbe, 0x31, 0x31, 0x0, 0x82, 0x46, 0xdc, 0x23, 0x51, 0x47, 0xdd, 0x12, 0x0, 0x68, 0x67, 0x44, 0x12, 0x75, 0x67, 0x18, 0x88, 0x0, 0x76, 0x57, 0x18, 0x80, 0x77, 0x87, 0x11, 0x28, 0x87, 0x0, 0x3, 0x68, 0x73, 0x87, 0x11, 0x7c, 0x92, 0x5c, 0x9a, 0x72, 0x42, 0xd9, 0xfe, 0x7b, 0x37, 0xc7, 0x85, 0xb, 0x9b, 0x14, 0x9, 0x0, 0x80, 0x10, 0x8, 0x2b, 0x77, 0x73, 0xb, 0xad, 0x37, 0xe, 0xa7, 0x78, 0xb, 0xd5, 0x0, 0xd7, 0xf1, 0x33, 0xdc, 0x1b, 0xe0, 0xf7, 0xde, 0xce, 0xcd, 0x44, 0x11, 0x8, 0xd3, 0xef, 0xc0, 0xe3, 0xff, 0x87, 0xef, 0x99, 0x99, 0x9, 0x0, 0xf9, 0xef, 0x47, 0x9, 0xc, 0x17, 0x8, 0x0, 0xc8, 0x2, 0xd9, 0x1c, 0x59, 0xa, 0xdf, 0xad, 0xc, 0x86, 0x55, 0x13, 0xea, 0x6, 0xa, 0xe9, 0x10, 0x3, 0x0, 0x0, 0xa, 0xff, 0x30, 0x3, 0x2a, 0x7d, 0xf2, 0x9f, 0xaf, 0x11, 0x42, 0xf7, 0x50, 0x3, 0x1d, 0x2f, 0x9b, 0x53, 0x1f, 0x67, 0x66, 0x65, 0x0, 0x5c, 0xf0, 0x3, 0x4, 0x62, 0x2b, 0x57, 0x95, 0x39, 0xf0, 0xfd, 0xdf, 0xc, 0x23, 0xf2, 0x7f, 0xad, 0xe6, 0x58, 0xd6, 0xdd, 0x7f, 0x80, 0x0, 0x3, 0xfd, 0x68, 0x66, 0xdd, 0xfd, 0x64, 0x66, 0x15, 0xd6, 0x0, 0x44, 0xf, 0x9b, 0x46, 0xf, 0xb5, 0x68, 0x6, 0x30, 0x3c, 0x84, 0xd8, 0x69, 0x3e, 0x19, 0xab, 0x1e, 0xb3, 0xc3, 0x5d, 0x0, 0x80, 0xea, 0xf7, 0x3f, 0xc7, 0x3f, 0xd, 0x47, 0xdc, 0xd, 0x7d, 0xcc, 0xd, 0x81, 0x66, 0xaa, 0xd, 0x53, 0x57, 0xd, 0x57, 0x87, 0xf, 0xfb, 0x87, 0xd, 0x79, 0x85, 0x7c, 0xdc, 0x2d, 0x7e, 0x51, 0xf4, 0xff, 0xfd, 0x16, 0xe3, 0xd, 0x87, 0x44, 0x8c, 0x1, 0x0, 0x0, 0xc8, 0x55, 0x8, 0x0, 0x48, 0x6, 0xc0, 0xfd, 0x10, 0x3, 0x96, 0xc1, 0xad, 0xb3, 0x6d, 0xb7, 0xf6, 0xdc, 0x96, 0x7, 0x81, 0x40, 0x3, 0x40, 0x82, 0x14, 0x83, 0xd4, 0xdd, 0xcc, 0x8c, 0xdc, 0xdd, 0x0, 0x4d, 0x81, 0x7b, 0xa7, 0xa9, 0x81, 0x68, 0x56, 0x0, 0x54, 0x11, 0x78, 0x67, 0x64, 0x11, 0xf9, 0xef, 0x0, 0xe9, 0x11, 0xe9, 0x9e, 0xa8, 0x88, 0x54, 0x84, 0xf6, 0x14, 0xa2, 0xff, 0xc2, 0x7a, 0xbf, 0x1e, 0x29, 0x54, 0x6, 0xe2, 0x3, 0x53, 0x48, 0x41, 0x48, 0xe, 0x52, 0xc6, 0x88, 0x48, 0x48, 0x64, 0x0, 0x3, 0x6f, 0x45, 0x57, 0x65, 0x7, 0xf2, 0x0, 0x50, 0x3, 0x6a, 0x73, 0x1e, 0x5b, 0xff, 0xac, 0x90, 0xf, 0xc3, 0xd0, 0xdc, 0xb, 0xb3, 0xcd, 0x0, 0x0, 0xdf, 0x9e, 0x0, 0xf1, 0xff, 0x94, 0x0, 0x3, 0x13, 0x86, 0x1c, 0x8a, 0xe, 0x8b, 0x48, 0x0, 0x0, 0x48, 0x66, 0x84, 0x8, 0x65, 0x77, 0x67, 0x0, 0x84, 0x88, 0x44, 0x65, 0x56, 0x17, 0x1b, 0x48, 0x0, 0x55, 0x7a, 0x1b, 0x83, 0x54, 0xcd, 0x48, 0x84, 0x40, 0x56, 0x17, 0xeb, 0x65, 0x88, 0x88, 0x45, 0x46, 0xc8, 0x0, 0x4c, 0xcd, 0x16, 0x48, 0xd4, 0x66, 0x15, 0x81, 0x0, 0x6d, 0x67, 0x15, 0x81, 0x6c, 0x47, 0x11, 0x81, 0x32, 0x44, 0xc4, 0x8, 0x20, 0x7, 0xb1, 0x68, 0x57, 0x3, 0xee, 0x47, 0x80, 0x3, 0xee, 0x16, 0x0, 0x58, 0x77, 0x16, 0x0, 0x68, 0x80, 0x0, 0x3, 0x18, 0x77, 0x17, 0x0, 0x68, 0x32, 0x67, 0x4a, 0x76, 0xe, 0xe7, 0x68, 0x87, 0x8, 0x25, 0x78, 0x1, 0x95, 0x80, 0x5f, 0x75, 0x1e, 0xf1, 0x75, 0x13, 0x5e, 0x57, 0x37, 0x97, 0xef, 0xf2, 0xff, 0xff, 0x6e, 0xb2, 0x1b, 0xd4, 0x48, 0xf, 0x3b, 0x50, 0x3, 0x80, 0x37, 0x1, 0xe9, 0x78, 0xbf, 0x1, 0x69, 0x80, 0x10, 0x5f, 0x47, 0x78, 0xf, 0x7b, 0x3f, 0x57, 0xff, 0x7f, 0xfb, 0xaf, 0xf0, 0xff, 0xd2, 0x5f, 0x9f, 0xff, 0xec, 0xf1, 0xef, 0x88, 0x56, 0xcc, 0x81, 0x0, 0x22, 0x7c, 0xc6, 0x81, 0x23, 0x2d, 0xc5, 0x1c, 0x0, 0xb3, 0x28, 0xdc, 0x1c, 0x78, 0xb1, 0xd1, 0x2c, 0x0, 0xa8, 0x2b, 0xd1, 0x2c, 0x80, 0x12, 0xdc, 0x2d, 0x8, 0x48, 0x51, 0xd8, 0x1d, 0x77, 0xef, 0x77, 0x0, 0xaa, 0x2, 0xaa, 0x7a, 0x0, 0x7a, 0xf7, 0x7a, 0x23, 0xe7, 0xdc, 0xac, 0x1, 0x85, 0x40, 0xe, 0x24, 0x48, 0x9, 0x38, 0x10, 0x3, 0x58, 0x85, 0xee, 0x6, 0xaf, 0x0, 0x3, 0x12, 0x8f, 0x46, 0x11, 0x33, 0xc, 0xb9, 0x13, 0x1f, 0xc8, 0x0, 0x4c, 0xc8, 0x68, 0x80, 0x88, 0xcc, 0x78, 0x0, 0x2, 0x80, 0x8c, 0x76, 0x0, 0x80, 0x8a, 0xf, 0xe3, 0x68, 0x40, 0x77, 0x5, 0x56, 0x37, 0x0, 0x28, 0x33, 0x73, 0x80, 0xff, 0x1d, 0xa8, 0xa2, 0x2b, 0x39, 0x19, 0x20, 0xfb, 0x29, 0x1b, 0x24, 0xc5, 0xfc, 0x93, 0x52, 0xc7, 0xff, 0xfc, 0xb4, 0x47, 0x67, 0x46, 0x73, 0x27, 0x2b, 0x7d, 0xc9, 0x17, 0x3f, 0x6d, 0xcc, 0x4f, 0x8, 0xff, 0x7d, 0xe7, 0x2b, 0x5f, 0x9b, 0x97, 0xa0, 0x1f, 0x53, 0x88, 0x3f, 0x77, 0x3b, 0x87, 0x1e, 0x7e, 0xd7, 0x39, 0xbf, 0x1d, 0xa7, 0x80, 0xf, 0x9e, 0x80, 0x1c, 0x3e, 0xb3, 0x73, 0xf7, 0x3f, 0x80, 0xa7, 0x3f, 0x68, 0xc8, 0xdd, 0x88, 0x56, 0x88, 0xcc, 0x0, 0xdd, 0x85, 0x86, 0xc8, 0x8c, 0x8c, 0x56, 0xc8, 0x0, 0x8, 0x8c, 0x65, 0x85, 0x88, 0x85, 0x68, 0xcc, 0x0, 0x94, 0x4c, 0x88, 0xdc, 0xf9, 0xcc, 0x14, 0x44, 0x7f, 0xfe, 0xf0, 0xdb, 0x1e, 0x6, 0x29, 0xf8, 0x59, 0x9a, 0x2e, 0x1f, 0xff, 0xc6, 0x3f, 0xd8, 0x55, 0xd4, 0x4, 0x58, 0xc4, 0x4, 0x5c, 0x44, 0x4, 0x54, 0x64, 0x4, 0x58, 0x56, 0x74, 0x4, 0x5c, 0x78, 0xa, 0xec, 0x64, 0x11, 0xab, 0xe, 0x9c, 0x12, 0xaa, 0xe, 0x1, 0x22, 0xe, 0x5, 0x21, 0x3, 0xf4, 0x31, 0x3, 0xf0, 0x3c, 0x80, 0x0, 0x10, 0x3d, 0x11, 0x8, 0x0, 0x2d, 0x61, 0x85, 0x35, 0x0, 0x2c, 0x14, 0xe4, 0xbe, 0x8f, 0x10, 0x40, 0x3, 0x40, 0x6e, 0xa4, 0x40, 0x11, 0xb, 0x5e, 0x77, 0xc6, 0x4, 0x21, 0xc2, 0x5c, 0x0, 0x8c, 0x3c, 0xd2, 0xc2, 0x8c, 0x3c, 0x8a, 0xd2, 0x0, 0x8c, 0xb9, 0x17, 0xd7, 0x41, 0xa9, 0x77, 0x3b, 0x3, 0x42, 0x8d, 0x7a, 0x39, 0x48, 0x77, 0x6, 0xd2, 0x0, 0x3, 0xa, 0x8, 0x77, 0x67, 0x85, 0x0, 0x3, 0x86, 0x9, 0x8d, 0x81, 0x0, 0x0, 0x77, 0x22, 0x86, 0x0, 0x22, 0x62, 0x86, 0x0, 0x0, 0x67, 0x86, 0x8, 0x0, 0xcd, 0x88, 0x25, 0x0, 0x86, 0x3d, 0xd1, 0x1c, 0x83, 0x58, 0x67, 0x77, 0x0, 0x46, 0x68, 0x57, 0x76, 0x45, 0x88, 0x45, 0x55, 0x0, 0x44, 0x40, 0x88, 0x65, 0x8c, 0x40, 0xc5, 0x76, 0x9, 0x86, 0xc4, 0x85, 0x64, 0x7, 0x8b, 0x7f, 0xff, 0x0, 0x3, 0x6b, 0xf7, 0x0, 0x7, 0xd, 0xc8, 0x60, 0xd, 0xcc, 0x0, 0x10, 0x3, 0x1f, 0xa3, 0x80, 0x28, 0xe8, 0x98, 0x3a, 0x24, 0x88, 0x80, 0x18, 0x65, 0x50, 0x83, 0x3, 0xb3, 0x46, 0x9, 0x4f, 0x45, 0x80, 0x64, 0x55, 0x24, 0x44, 0x6, 0x0, 0x3f, 0x46, 0x85, 0x0, 0x3f, 0x44, 0x68, 0x0, 0x58, 0x11, 0x81, 0xdd, 0xcd, 0x11, 0xc1, 0xdd, 0x2, 0xdd, 0x11, 0x78, 0xb7, 0xa9, 0x11, 0x14, 0xbf, 0x74, 0x8e, 0x74, 0xbf, 0x81, 0x54, 0x85, 0x11, 0xbb, 0xf3, 0x17, 0xf, 0xff, 0x8d, 0xff, 0x19, 0x7f, 0x3f, 0x1d, 0x10, 0xeb, 0x10, 0xef, 0x82, 0xa3, 0x7f, 0xc4, 0xf2, 0xff, 0xb2, 0xff, 0xa0, 0x10, 0x43, 0x54, 0x13, 0xb, 0xcc, 0x8, 0x0, 0x57, 0xc8, 0x0, 0x8d, 0x0, 0x67, 0x48, 0xdc, 0x8, 0x77, 0x85, 0x0, 0xcc, 0x8d, 0x77, 0x86, 0xc4, 0xdc, 0x77, 0x87, 0x33, 0x41, 0x4c, 0x5, 0xb1, 0x9, 0xe6, 0x80, 0x44, 0x7, 0x9a, 0x0, 0xb, 0x78, 0x44, 0x5, 0x1f, 0xbc, 0x81, 0xff, 0xe1, 0xa8, 0xdb, 0x4, 0xd0, 0x13, 0x0, 0xcd, 0x31, 0x80, 0x75, 0x76, 0x67, 0x80, 0x76, 0x0, 0x65, 0x57, 0x80, 0x58, 0x54, 0x45, 0x0, 0x84, 0x0, 0x58, 0xc6, 0x0, 0x55, 0x6c, 0x67, 0x40, 0x5c, 0x3, 0x48, 0x76, 0xc4, 0x4c, 0x48, 0x4c, 0xdb, 0xdf, 0xdf, 0xe6, 0x0, 0x55, 0x58, 0xd8, 0x1d, 0x44, 0x68, 0xc8, 0xcd, 0x0, 0x86, 0x65, 0xc8, 0xdd, 0xc5, 0x68, 0xcc, 0xdd, 0x0, 0xcc, 0x64, 0xcc, 0xdc, 0x44, 0x58, 0x5c, 0xdc, 0x0, 0x0, 0xc8, 0x68, 0xd8, 0x80, 0x86, 0x76, 0x86, 0xfc, 0xf3, 0xdf, 0xb3, 0xdf, 0xfe, 0x3e, 0x32, 0x93, 0x27, 0x64, 0xc, 0xaa, 0x68, 0x86, 0xb, 0x48, 0x84, 0x88, 0x8, 0x60, 0xdf, 0x86, 0x0, 0xdf, 0x1d, 0x77, 0x77, 0x54, 0x6, 0xa9, 0x20, 0x8, 0xf, 0xb6, 0x0, 0xf, 0xaf, 0xf0, 0x3, 0x10, 0x17, 0xc1, 0x44, 0x1e, 0x7c, 0xa3, 0x4, 0x0, 0x8d, 0x40, 0xc, 0x0, 0x3, 0x0, 0x4d, 0x0, 0xdc, 0xd4, 0x4d, 0x0, 0x17, 0xdc, 0x5f, 0x4d, 0x1b, 0xde, 0x6, 0x1f, 0xe2, 0xf, 0xd1, 0xf3, 0x7, 0x48, 0x42, 0xfe, 0xe2, 0xde, 0x7e, 0xf4, 0x1f, 0xbf, 0x60, 0x24, 0x7, 0x14, 0xb, 0x1f, 0x4b, 0x2b, 0x40, 0xf0, 0xfd, 0xf, 0xfe, 0x2, 0x77, 0x10, 0x1f, 0x1c, 0x59, 0x4f, 0x37, 0x40, 0x3, 0xff, 0x2, 0x91, 0x4d, 0x4f, 0xe, 0x64, 0x44, 0xcd, 0xaa, 0x79, 0xda, 0x3f, 0x11, 0xd, 0xd7, 0x60, 0x66, 0xf7, 0x3f, 0xb7, 0x3f, 0xcc, 0x14, 0x98, 0x9e, 0x44, 0x0, 0x11, 0x91, 0x89, 0xaa, 0x18, 0x51, 0x8, 0x45, 0x0, 0x18, 0x12, 0x86, 0x56, 0x18, 0x22, 0x86, 0xee, 0x0, 0x18, 0x22, 0x61, 0x4a, 0x88, 0x28, 0x61, 0x44, 0x0, 0x8, 0x80, 0x88, 0xdd, 0x4d, 0x78, 0x77, 0xdd, 0x0, 0xcd, 0x98, 0x77, 0x7a, 0xb7, 0x98, 0x79, 0x65, 0x80, 0xd, 0xb5, 0x76, 0x87, 0x11, 0x11, 0xfe, 0x9f, 0x11, 0x98, 0x7, 0x7e, 0x11, 0x11, 0x17, 0x45, 0x97, 0xdb, 0xcd, 0x8, 0x0, 0x40, 0x60, 0xe, 0x51, 0x60, 0x99, 0x9, 0x8, 0x60, 0xe8, 0x0, 0x9, 0x0, 0x66, 0xe6, 0x9, 0x60, 0x66, 0x64, 0xc0, 0xe, 0x61, 0x4, 0x56, 0x0, 0x84, 0xc4, 0x8c, 0x8, 0x57, 0x0, 0x48, 0xdc, 0x8c, 0x67, 0x18, 0xc1, 0xcd, 0x77, 0x0, 0x85, 0x41, 0xdc, 0x77, 0x86, 0x11, 0xc4, 0x77, 0x4, 0x57, 0x18, 0x41, 0x85, 0x66, 0x3, 0x93, 0x66, 0x56, 0x0, 0x8, 0x37, 0x12, 0x56, 0x8, 0x73, 0x67, 0x21, 0x2, 0x8, 0x67, 0x88, 0x68, 0x8, 0x85, 0xa, 0xed, 0x8, 0x3, 0x0, 0x80, 0x57, 0x4, 0x0, 0x80, 0xd, 0x3f, 0xfe, 0xb9, 0xfa, 0xb5, 0x9f, 0x2, 0xbb, 0xf2, 0xbf, 0xa8, 0x81, 0x16, 0x1b, 0x48, 0xa, 0x94, 0xc8, 0x98, 0x2, 0x8d, 0x68, 0x77, 0x31, 0xf9, 0x58, 0xa7, 0xcc, 0x84, 0xc4, 0x2, 0x68, 0x4c, 0x80, 0xcc, 0x78, 0x8, 0xb6, 0x1f, 0x77, 0x4, 0x80, 0x28, 0x33, 0x33, 0x68, 0xf, 0xf3, 0x80, 0x88, 0x9f, 0x2, 0x20, 0x0, 0x88, 0x15, 0x5b, 0x2d, 0x37, 0xd5, 0xff, 0x1d, 0x4, 0xf4, 0xff, 0x80, 0x8f, 0xa7, 0x54, 0x85, 0x80, 0x8, 0x54, 0x84, 0x80, 0xb, 0x8, 0x58, 0x84, 0x0, 0xf, 0xff, 0x88, 0xf, 0xff, 0x3f, 0xe4, 0xbf, 0x4f, 0xff, 0x4, 0xf, 0xfc, 0xf3, 0x1f, 0xf8, 0xc7, 0xf6, 0x9f, 0xf6, 0x9f, 0xf7, 0x83, 0x8e, 0xf, 0xbb, 0x87, 0x41, 0x84, 0x1, 0x67, 0x4, 0xff, 0x15, 0x3, 0x88, 0x8b, 0xe, 0x8d, 0x8, 0x0, 0x23, 0x5, 0x5f, 0x77, 0x9, 0xec, 0x1b, 0x27, 0x2, 0x86, 0x8d, 0x80, 0x0, 0x86, 0x8c, 0x10, 0x3, 0x0, 0x5f, 0x0, 0x5, 0xe, 0x0, 0x15, 0x71, 0x19, 0x77, 0x15, 0x79, 0x1f, 0x9b, 0x1e, 0x23, 0xa8, 0x9a, 0x43, 0x94, 0x4a, 0x43, 0xd0, 0xa, 0x43, 0xd0, 0x8c, 0x58, 0x0, 0x62, 0xc4, 0x14, 0xc8, 0xdc, 0x88, 0x11, 0xc8, 0x0, 0xdc, 0x0, 0x18, 0xa8, 0x9a, 0x0, 0x18, 0x81, 0x41, 0x45, 0x0, 0x3, 0x46, 0x0, 0x80, 0x81, 0x9e, 0xc, 0x0, 0xd, 0x8a, 0x0, 0x80, 0x80, 0xe4, 0xdf, 0x7a, 0xa, 0x80, 0xe, 0xa5, 0x1b, 0x80, 0xcc, 0x58, 0xf, 0x9d, 0x11, 0x67, 0x65, 0xf, 0x57, 0xf, 0x48, 0x0, 0x33, 0x66, 0x32, 0x33, 0x77, 0x22, 0x76, 0x67, 0xf, 0x55, 0x86, 0x88, 0x55, 0xa, 0x5a, 0x19, 0xbb, 0xa6, 0x77, 0x7, 0xbb, 0x99, 0x1, 0x93, 0x78, 0x77, 0x1, 0xc5, 0x1f, 0x47, 0x78, 0x77, 0x16, 0x89, 0xa3, 0x1e, 0x89, 0x60, 0x60, 0x3, 0x7, 0x0, 0x60, 0x3, 0xf8, 0x30, 0x3, 0xe5, 0x1f, 0xa6, 0x15, 0xf3, 0x12, 0x63, 0x66, 0x0, 0xf, 0xff, 0x86, 0x17, 0x75, 0xf7, 0x17, 0x7a, 0x17, 0x7f, 0x27, 0x84, 0x0, 0x2f, 0x76, 0x40, 0x3, 0x7, 0x52, 0x7f, 0x9d, 0xc0, 0x6, 0xe1, 0x10, 0x3, 0x42, 0xdd, 0x4c, 0xf, 0x44, 0xdd, 0x0, 0xfc, 0x8f, 0xc4, 0xcd, 0xfe, 0xcf, 0xc4, 0xee, 0x1, 0xff, 0xdc, 0xec, 0xff, 0x67, 0xc8, 0xcd, 0x0, 0x54, 0x3, 0x8c, 0x78, 0x77, 0x67, 0xcd, 0x84, 0x97, 0xdf, 0xff, 0x49, 0xf0, 0x1f, 0x64, 0xff, 0x5f, 0x7f, 0x94, 0x1e, 0x37, 0x48, 0x68, 0x67, 0x17, 0x0, 0x48, 0x78, 0x57, 0x77, 0x80, 0x48, 0x45, 0x65, 0x0, 0x80, 0x84, 0xc8, 0xc6, 0x80, 0x85, 0xc8, 0x67, 0x0, 0x64, 0x15, 0x48, 0x76, 0x68, 0x18, 0x44, 0x44, 0x0, 0x8c, 0x81, 0xcc, 0xdd, 0x46, 0x55, 0xc8, 0xdd, 0x20, 0x86, 0x44, 0x2, 0xa6, 0x68, 0x64, 0xc8, 0x8c, 0x75, 0x0, 0x46, 0x86, 0x44, 0x58, 0x57, 0x61, 0x45, 0x88, 0x11, 0x76, 0x64, 0xcc, 0x7, 0xa8, 0xed, 0x8c, 0xcc, 0xb, 0x79, 0xf8, 0x23, 0x3, 0x7b, 0x62, 0xd, 0x57, 0x19, 0xbb, 0x3d, 0xf7, 0x88, 0x88, 0x58, 0x0, 0x85, 0x73, 0x87, 0x48, 0x45, 0x87, 0x8, 0x80, 0xe1, 0xb, 0x9f, 0xb, 0x2f, 0x22, 0x83, 0x66, 0x76, 0x87, 0x88, 0x1, 0xa, 0xfe, 0x0, 0x3, 0x38, 0x83, 0x8f, 0xe3, 0xe7, 0xca, 0x19, 0x57, 0xf3, 0x3f, 0x7b, 0xe7, 0x67, 0x62, 0x46, 0xf, 0x3b, 0x61, 0x4f, 0x66, 0x66, 0x72, 0x8, 0xd8, 0x12, 0xc7, 0xd, 0x26, 0xf, 0x92, 0x77, 0x88, 0x81, 0xf1, 0x1f, 0x98, 0x37, 0x1f, 0xff, 0xcb, 0xb, 0xc0, 0x19, 0xba, 0x80, 0x55, 0xe, 0xe4, 0x55, 0xe, 0xe4, 0x3, 0x21, 0xaf, 0x9c, 0x40, 0x8, 0xd, 0x6f, 0x7, 0x21, 0x97, 0xff, 0x63, 0xff, 0x75, 0xff, 0x87, 0xff, 0xff, 0x99, 0xff, 0xab, 0xff, 0xbd, 0xff, 0xcf, 0xff, 0xe1, 0xff, 0xf3, 0xff, 0xff, 0xff, 0x78, 0xfc, 0xff, 0x8a, 0xff, 0x9c, 0xff, 0xae, 0xff, 0xc0, 0xea, 0x8f, 0x5, 0x7b, 0x0, 0xdc, 0xa6, 0x8, 0x34, 0xc8, 0xd, 0xd0, 0xc8, 0xdc, 0x3, 0xd7, 0x2, 0x1a, 0x86, 0x18, 0xcd, 0x88, 0x0, 0x1, 0xf2, 0x64, 0xff, 0xc6, 0x8c, 0x8, 0x2f, 0x0, 0x64, 0x4, 0x82, 0x45, 0x7, 0xe1, 0x57, 0xe4, 0xff, 0xbf, 0x6c, 0xff, 0x7d, 0x76, 0x1e, 0x95, 0xff, 0xe8, 0xff, 0xfa, 0xff, 0xc3, 0xaf, 0xd5, 0xc8, 0xff, 0xe3, 0xfe, 0xff, 0xf5, 0xff, 0xff, 0xaa, 0xf6, 0xfe, 0x7e, 0xfe, 0x90, 0xfe, 0xa2, 0x3b, 0x57, 0x67, 0xfe, 0x1f, 0x57, 0x2b, 0x60, 0xf0, 0x4b, 0xfe, 0xd6, 0xfe, 0xe8, 0xfe, 0xfa, 0xaf, 0x61, 0x75, 0x2a, 0x67, 0x0, 0xf, 0x64, 0x0, 0xf, 0x64, 0x0, 0xf, 0x64, 0x0, 0xa0, 0xf, 0x64, 0x0, 0xf, 0x64, 0x0, 0xc8, 0xa8, 0x97, 0x88, 0x13, 0x8c, 0x55, 0x25, 0xd, 0x86, 0x0, 0xc5, 0xf, 0xa6, 0x9, 0x7e, 0xa8, 0x21, 0xa3, 0x1d, 0xf, 0x2b, 0x23, 0x7, 0x28, 0x62, 0x84, 0x8d, 0x0, 0x0, 0x41, 0x54, 0xd8, 0x88, 0x1c, 0x81, 0xdc, 0x0, 0xdd, 0x15, 0xc8, 0xcc, 0x7d, 0x85, 0xaa, 0xcc, 0x2, 0x77, 0x88, 0x55, 0x75, 0x77, 0x80, 0xb, 0xd4, 0x80, 0x12, 0x7f, 0x77, 0x67, 0x4, 0xe6, 0xf6, 0x70, 0x0, 0x6, 0xfd, 0x0, 0x8e, 0xdd, 0x1c, 0xf7, 0x8e, 0xcd, 0x68, 0x77, 0x0, 0xef, 0x8c, 0x71, 0x67, 0xff, 0x1f, 0x77, 0x86, 0x0, 0xf1, 0xff, 0x77, 0xee, 0x88, 0x78, 0x77, 0xff, 0x0, 0x18, 0x78, 0x27, 0x55, 0x85, 0x37, 0x72, 0x0, 0x0

.align 2, 0
Anim_BANIM_AlearLord_Sword_Sheet_5:
.byte  0x10, 0x0, 0x20, 0x0, 0x35, 0x0, 0x0, 0xf0, 0x1, 0x0, 0x13, 0x70, 0x0, 0x17, 0x77, 0x40, 0x3, 0xb0, 0xb0, 0x14, 0x7, 0x0, 0x18, 0x0, 0x19, 0x77, 0x77, 0x87, 0x11, 0x3a, 0x77, 0x77, 0x10, 0x9, 0xf0, 0x41, 0x10, 0x53, 0x44, 0x0, 0x58, 0xc6, 0x55, 0x4, 0xa0, 0x5d, 0x80, 0x0, 0x6b, 0xc8, 0x0, 0x6f, 0xd4, 0x40, 0x1e, 0xd4, 0x60, 0x7a, 0x10, 0x26, 0x4c, 0x40, 0x3, 0xc4, 0x0, 0x90, 0xdc, 0xc, 0x0, 0x0, 0x0, 0xdd, 0xcd, 0x0, 0x0, 0xcc, 0xdd, 0x8a, 0x0, 0x8, 0x0, 0x80, 0x86, 0x40, 0x3, 0x85, 0x0, 0xab, 0x88, 0xb8, 0x0, 0x46, 0x88, 0x0, 0x2, 0x0, 0x7, 0x10, 0x3, 0x0, 0x80, 0x87, 0x4, 0x48, 0x45, 0x8, 0x0, 0x58, 0x0, 0x1a, 0x58, 0x84, 0x0, 0x0, 0x88, 0xc4, 0x8c, 0x88, 0x88, 0x77, 0x86, 0x1, 0x88, 0x88, 0x55, 0x84, 0x88, 0x88, 0x44, 0x0, 0x3, 0xb0, 0x0, 0x1, 0x48, 0x0, 0x16, 0x0, 0x3, 0x0, 0x48, 0x84, 0x8, 0x0, 0x0, 0xc8, 0x6c, 0x88, 0x88, 0x68, 0x46, 0x88, 0x10, 0x88, 0x54, 0x45, 0x60, 0x1e, 0x88, 0x11, 0x66, 0x6, 0x9, 0x0, 0x0, 0x66, 0x66, 0x21, 0x6, 0x88, 0x8, 0x30, 0x55, 0xff, 0x0, 0x38, 0x30, 0x7, 0x31, 0x1c, 0x40, 0x6, 0xf1, 0x29, 0x20, 0x33, 0x10, 0x34, 0xf1, 0x44, 0xec, 0xf1, 0x56, 0x31, 0x68, 0x1, 0x53, 0x70, 0x11, 0x3d, 0x0, 0x74, 0x80, 0x11, 0xd8, 0x0, 0xb4, 0x31, 0x63, 0x70, 0x11, 0x49, 0x11, 0x4d, 0x66, 0x66, 0x67, 0x75, 0x66, 0x30, 0x8c, 0x51, 0x3f, 0x1, 0x63, 0x7, 0x70, 0x1d, 0x66, 0x10, 0x3, 0xed, 0x20, 0x2, 0x0, 0xb3, 0x0, 0xb4, 0x60, 0x20, 0xb8, 0x31, 0x93, 0x7, 0x60, 0x2b, 0x6f, 0x66, 0x20, 0x49, 0x10, 0x4d, 0x76, 0xf1, 0x9f, 0x1, 0xf0, 0x1, 0xc2, 0x21, 0xdc, 0xe0, 0x10, 0x7, 0xf1, 0xff, 0xb1, 0xb3, 0x45, 0x78, 0x74, 0x77, 0x55, 0x8, 0x54, 0x64, 0x67, 0x54, 0x1, 0x55, 0x81, 0x15, 0xc8, 0x0, 0x44, 0x81, 0x15, 0x41, 0xcd, 0x68, 0x11, 0x81, 0x0, 0x6d, 0x68, 0x11, 0xc8, 0x6c, 0x56, 0x11, 0x48, 0x0, 0x44, 0x76, 0x57, 0x88, 0xdc, 0x65, 0x67, 0x88, 0x0, 0x8c, 0x54, 0x85, 0x48, 0xc8, 0xcd, 0x84, 0x65, 0x20, 0x86, 0xc6, 0x0, 0x9, 0x67, 0x8c, 0x88, 0x48, 0x46, 0x0, 0x84, 0x11, 0xc6, 0xc4, 0x4c, 0x11, 0x61, 0xff, 0x0, 0x6f, 0x77, 0x77, 0xec, 0x7f, 0x77, 0x7, 0xcc, 0x0, 0xfe, 0x77, 0x0, 0x8c, 0xfe, 0x7, 0x0, 0x48, 0x5f, 0xe4, 0x1, 0xdf, 0x9c, 0x71, 0xdf, 0xf1, 0x7f, 0xe1, 0x7f, 0xf2, 0xa2, 0x32, 0x4e, 0xfe, 0x51, 0x3f, 0xf2, 0xc2, 0xf2, 0x7f, 0xf2, 0xe6, 0x72, 0x93, 0x52, 0xef, 0x12, 0xf3, 0x60, 0xf6, 0xf3, 0xf, 0xb1, 0x33, 0x23, 0x14, 0x3, 0x3, 0x76, 0x40, 0x3, 0x3, 0x3f, 0x48, 0xb, 0x0, 0x0, 0x40, 0xd8, 0x0, 0x3, 0xcc, 0x3, 0x4b, 0x2, 0x69, 0xe8, 0xb3, 0x51, 0x12, 0x1d, 0x12, 0x21, 0x8d, 0x40, 0xb, 0x88, 0x0, 0xf0, 0x0, 0x0, 0xcc, 0x98, 0xff, 0x0, 0x4d, 0xe9, 0xff, 0x0, 0x0, 0xe4, 0xfe, 0xf, 0x0, 0x81, 0x48, 0x55, 0x2d, 0x8, 0x8, 0x42, 0xbf, 0x80, 0xf2, 0xbf, 0x72, 0xbf, 0x6c, 0x2, 0xbf, 0x75, 0x46, 0x2, 0xd7, 0x12, 0xbc, 0x80, 0x1, 0x61, 0x2, 0xb3, 0x58, 0x40, 0x3, 0xf8, 0x22, 0xbf, 0x22, 0xc3, 0x40, 0x22, 0xf0, 0x7f, 0x22, 0xd3, 0xcc, 0x98, 0xf, 0xbd, 0x0, 0x7f, 0xf, 0x0, 0x7f, 0x23, 0xea, 0x52, 0x93, 0x90, 0x3, 0x67, 0x2, 0xa6, 0x81, 0x10, 0x3, 0x66, 0x77, 0x76, 0x77, 0xc7, 0x67, 0x2, 0x50, 0x60, 0x67, 0x2, 0x4b, 0x42, 0x7f, 0x76, 0x66, 0x66, 0x86, 0x6a, 0x0, 0x66, 0x66, 0x6c, 0x61, 0x66, 0x76, 0x33, 0xdc, 0x5, 0x5c, 0x8c, 0x0, 0x0, 0xc2, 0x0, 0x3, 0xd7, 0x0, 0x7, 0x4, 0x77, 0xc1, 0x8, 0x0, 0x77, 0x0, 0x8, 0x77, 0x77, 0x20, 0x8d, 0x0, 0x0, 0x36, 0x8, 0x6c, 0x77, 0x77, 0xd, 0xe0, 0xc3, 0xff, 0x90, 0x3, 0x24, 0x7a, 0xc6, 0xcc, 0xcc, 0x0, 0x66, 0xbb, 0x1, 0x39, 0x62, 0x4, 0x88, 0x20, 0x3, 0x3, 0x8e, 0x22, 0x10, 0x3, 0x3, 0x92, 0xea, 0x10, 0x3, 0xd4, 0x9f, 0x3, 0xad, 0x0, 0x13, 0xad, 0x67, 0x3, 0xb6, 0x77, 0xff, 0x13, 0xb6, 0x41, 0x8b, 0x54, 0xac, 0xf2, 0xd3, 0xf4, 0xe1, 0xf4, 0xf3, 0xf5, 0x5, 0xf5, 0x17, 0xe0, 0xf5, 0x29, 0xf5, 0x3b, 0xf5, 0x4d, 0x0, 0x80, 0x21, 0xc2, 0x0, 0x10, 0x10, 0x3c, 0xd2, 0x0, 0x3, 0x8a, 0x0, 0x0, 0xb9, 0x0, 0x17, 0x0, 0x80, 0xa9, 0x77, 0x8, 0xc8, 0x8d, 0x2, 0x7a, 0x84, 0x44, 0x6c, 0x61, 0x85, 0x81, 0x3f, 0xd2, 0xd0, 0x11, 0x43, 0x1, 0x3f, 0x3b, 0x0, 0x8, 0x39, 0x18, 0x8d, 0x0, 0x0, 0x17, 0x85, 0xc5, 0x8, 0x2c, 0x41, 0x86, 0xfd, 0xe9, 0x40, 0xee, 0x92, 0x97, 0x12, 0xa3, 0x76, 0x3, 0xfb, 0x77, 0xff, 0x1, 0x65, 0x8f, 0x23, 0xe7, 0x76, 0x77, 0x7, 0x3, 0xf3, 0x1, 0x73, 0x14, 0x3, 0x45, 0xa3, 0xf0, 0xf3, 0xdf, 0xf5, 0xea, 0x35, 0x96, 0x5, 0x27, 0x68, 0x47, 0xdc, 0x6c, 0x0, 0x77, 0x56, 0x4d, 0x4d, 0x45, 0x88, 0xd8, 0x8c, 0x0, 0x88, 0x22, 0x88, 0x88, 0x32, 0x22, 0x0, 0x38, 0x0, 0x13, 0x12, 0x80, 0x23, 0x21, 0x81, 0x16, 0x81, 0x4, 0xd4, 0xdd, 0x15, 0x81, 0xdc, 0x0, 0x3, 0x7b, 0x97, 0x0, 0x18, 0x81, 0x65, 0x46, 0x18, 0x41, 0x76, 0x47, 0x0, 0x11, 0x81, 0xff, 0x9e, 0x11, 0x81, 0xee, 0x8a, 0x80, 0x3, 0xfe, 0x88, 0xcc, 0x4c, 0x11, 0x21, 0x4d, 0x84, 0x1, 0x11, 0x21, 0xaa, 0x89, 0x11, 0x21, 0x55, 0x0, 0x7, 0x0, 0x66, 0x86, 0x11, 0x21, 0xee, 0x8e, 0x11, 0x11, 0x7, 0xaa, 0x8a, 0x11, 0x11, 0x44, 0x5, 0x5e, 0xf1, 0xdf, 0xf1, 0xdf, 0xf6, 0xf6, 0x83, 0xf1, 0x3f, 0xf1, 0x3f, 0x21, 0x3f, 0xc2, 0xf1, 0x3f, 0x31, 0x3f, 0x67, 0x2, 0x82, 0xc5, 0x8, 0x2d, 0x45, 0x86, 0x3, 0x76, 0x80, 0x2a, 0x88, 0x44, 0x0, 0xdf, 0xdd, 0x0, 0xdf, 0x48, 0x20, 0xdf, 0x18, 0x0, 0x22, 0x88, 0x18, 0x32, 0x22, 0x80, 0x32, 0x13, 0x7, 0x82, 0x38, 0x83, 0x21, 0x51, 0xf6, 0xff, 0x61, 0x63, 0x14, 0xb, 0xae, 0x25, 0x41, 0x66, 0x60, 0x3, 0x7, 0xe0, 0x3, 0xd2, 0xcf, 0xd7, 0x4f, 0xfe, 0x8, 0x7f, 0x6, 0x0, 0x78, 0x3, 0x4e, 0x85, 0x77, 0x77, 0x28, 0x6, 0x85, 0x3, 0x53, 0x85, 0x7, 0x3d, 0x61, 0x8, 0x70, 0xbf, 0x0, 0x3, 0x0, 0x10, 0x3, 0x17, 0x67, 0xf7, 0x82, 0xf7, 0x94, 0xf7, 0xa6, 0xf7, 0xb8, 0xc2, 0xf7, 0xca, 0x10, 0x7f, 0x6f, 0x6, 0x0, 0x68, 0x3, 0x28, 0x85, 0x0, 0x76, 0x67, 0x6, 0x85, 0x60, 0x77, 0x66, 0x85, 0x2, 0x0, 0x76, 0x67, 0x61, 0x8, 0x60, 0x10, 0x7f, 0x76, 0xa0, 0x4, 0x3b, 0x60, 0x13, 0xe3, 0x88, 0x78, 0x77, 0x66, 0xdc, 0x0, 0x7c, 0x77, 0x66, 0x4d, 0x7d, 0x77, 0x66, 0xd8, 0xe3, 0x0, 0x7, 0x10, 0xf, 0x0, 0xb4, 0x66, 0x80, 0x23, 0x6, 0x90, 0x5, 0xff, 0x55, 0x66, 0x5, 0xff, 0x66, 0x7, 0x55, 0x86, 0x5, 0xff, 0x86, 0xd5, 0xff, 0x0, 0x76, 0x77, 0xd7, 0x65, 0x67, 0xf7, 0xef, 0x54, 0x0, 0xf5, 0xef, 0xce, 0xcd, 0xff, 0xce, 0xdd, 0xc6, 0x7, 0xff, 0xdc, 0xcc, 0x67, 0x8f, 0x75, 0xff, 0xf8, 0x5f, 0xf8, 0x71, 0xf8, 0xf8, 0x83, 0x78, 0x95, 0x0, 0xb6, 0x2, 0xe9, 0x7, 0xa0, 0x76, 0x67, 0x66, 0xcb, 0x2, 0xf2, 0x2, 0xf7, 0x76, 0x77, 0x0, 0xb6, 0x77, 0x8, 0x1, 0x14, 0xa, 0xff, 0xf8, 0xbe, 0xf8, 0xd0, 0xf8, 0xe2, 0xf8, 0xf4, 0xf9, 0x6, 0xf9, 0x18, 0xf9, 0x2a, 0xf9, 0x3c, 0xff, 0xf9, 0x4e, 0xf9, 0x60, 0xf9, 0x72, 0xf9, 0x84, 0xf9, 0x96, 0xf9, 0xa8, 0xf9, 0xba, 0xf9, 0xcc, 0xc0, 0xf9, 0xde, 0xc9, 0xf0, 0x38, 0x12, 0x21, 0x81, 0x38, 0x12, 0x0, 0x12, 0x68, 0x23, 0x21, 0x11, 0x68, 0x81, 0x11, 0x0, 0x81, 0x76, 0x8, 0x18, 0x88, 0x77, 0x0, 0x88, 0x9, 0x80, 0x67, 0x0, 0x8, 0x20, 0x3, 0x87, 0x88, 0xf9, 0x5f, 0xfe, 0xf9, 0x5f, 0xf9, 0x5f, 0x69, 0x5f, 0xfa, 0x5f, 0xfa, 0x71, 0xfa, 0x83, 0x7a, 0x95, 0x45, 0x20, 0x78, 0x46, 0x8, 0x7f, 0x84, 0x76, 0x54, 0x88, 0xc8, 0x40, 0x54, 0x8, 0x7f, 0x4c, 0x68, 0x15, 0x41, 0xc4, 0x65, 0x0, 0x11, 0x81, 0xd6, 0x67, 0x11, 0x81, 0x6c, 0x57, 0x0, 0x11, 0x81, 0x44, 0x67, 0x67, 0x88, 0xdc, 0x56, 0x8, 0x56, 0x88, 0xcc, 0x45, 0x18, 0x7f, 0x8c, 0x65, 0xc4, 0x0, 0x76, 0x8c, 0x54, 0x46, 0x77, 0xc6, 0x88, 0x46, 0x0, 0x67, 0x45, 0x18, 0xc8, 0x44, 0xcc, 0x14, 0x88, 0x8, 0x88, 0x18, 0x23, 0x78, 0x0, 0xe4, 0x75, 0x80, 0x23, 0x1, 0x81, 0x77, 0x88, 0x28, 0x51, 0x77, 0x8, 0x2, 0xec, 0x0, 0x0, 0x8, 0x78, 0x67, 0x0, 0x80, 0x72, 0x57, 0xc, 0x0, 0x80, 0x73, 0x87, 0x46, 0x4e, 0x49, 0x4b, 0x66, 0x66, 0x3f, 0x6, 0x60, 0x39, 0x83, 0x29, 0x6c, 0x6, 0xf4, 0x93, 0xf3, 0x15, 0x5f, 0x19, 0x51, 0xff, 0x97, 0x29, 0xfb, 0x3f, 0xfb, 0x51, 0xfb, 0x63, 0xfb, 0x75, 0xfb, 0x87, 0xfb, 0x99, 0xfb, 0xab, 0xf2, 0xfb, 0xbd, 0xfb, 0xcf, 0xfb, 0xe1, 0xb1, 0xff, 0x77, 0x66, 0x0, 0x3, 0x67, 0x0, 0x23, 0x21, 0x71, 0x67, 0x81, 0x11, 0x71, 0x67, 0x27, 0x8, 0x18, 0x1, 0x1f, 0x88, 0x80, 0x1, 0x23, 0x30, 0x3, 0xf5, 0xff, 0xaf, 0x35, 0xff, 0x16, 0x5, 0xff, 0x17, 0xf5, 0xff, 0xe5, 0xff, 0xfc, 0x5f, 0xfc, 0x71, 0xff, 0xfc, 0x83, 0xfc, 0x95, 0xfc, 0xa7, 0xfc, 0xb9, 0xfc, 0xcb, 0xfc, 0xdd, 0xfc, 0xef, 0xfd, 0x1, 0xff, 0xfd, 0x13, 0xfd, 0x25, 0xfd, 0x37, 0xfd, 0x49, 0xfd, 0x5b, 0xfd, 0x6d, 0xfd, 0x7f, 0xfd, 0x91, 0xff, 0xfd, 0xa3, 0xfd, 0xb5, 0xfd, 0xc7, 0xfd, 0xd9, 0xfd, 0xeb, 0x2d, 0x96, 0xfd, 0x5f, 0x8d, 0x5f, 0xfe, 0xfc, 0xff, 0xfc, 0xff, 0xfe, 0x43, 0xfe, 0x55, 0xfe, 0x67, 0xfe, 0x79, 0xfe, 0x8b, 0x0, 0x0, 0x0, 0x17, 0x11, 0x48, 0xdd, 0x16, 0x11, 0xc8, 0x0, 0xdd, 0x15, 0x12, 0xb8, 0x77, 0x18, 0x12, 0x64, 0x0, 0x66, 0x28, 0x12, 0x74, 0x67, 0x21, 0x11, 0xf9, 0x0, 0xef, 0x22, 0x81, 0xfe, 0x9e, 0x12, 0x81, 0x54, 0x0, 0x84, 0xcd, 0xcc, 0x14, 0x98, 0xdd, 0x44, 0x18, 0x0, 0x81, 0x9a, 0x9a, 0x18, 0x11, 0x44, 0x85, 0x18, 0x0, 0x12, 0x54, 0x86, 0x11, 0x12, 0xa9, 0x8e, 0x11, 0x0, 0x22, 0x88, 0x8a, 0x11, 0x21, 0x48, 0x88, 0x88, 0x9, 0x21, 0x0, 0x80, 0x36, 0x3, 0xe3, 0x68, 0x82, 0x3e, 0x47, 0xef, 0xfe, 0x3f, 0x19, 0x3d, 0xa, 0xea, 0x77, 0x1d, 0x68, 0x1d, 0x87, 0x1e, 0xdd, 0x7, 0x96, 0xff, 0x16, 0x5f, 0x2d, 0x1e, 0x2e, 0xef, 0xfa, 0x5f, 0xff, 0x36, 0xff, 0x48, 0xff, 0x5a, 0xff, 0x6c, 0xff, 0xff, 0x7e, 0xff, 0x90, 0xff, 0xa2, 0xff, 0xb4, 0xff, 0xc6, 0xff, 0xd8, 0xff, 0xea, 0xff, 0xfc, 0xff, 0xff, 0xce, 0xff, 0xe0, 0xff, 0xf2, 0xff, 0xff, 0xff, 0x32, 0xff, 0x44, 0xff, 0x56, 0xff, 0x68, 0xff, 0xff, 0x7a, 0xff, 0x8c, 0xff, 0x9e, 0xff, 0xb0, 0xff, 0xc2, 0xff, 0xd4, 0xff, 0xe6, 0xff, 0xf8, 0xff, 0xff, 0xeb, 0xff, 0xfd, 0xff, 0xff, 0xff, 0x84, 0xff, 0x96, 0xff, 0xa8, 0xff, 0xba, 0xff, 0xcc, 0xff, 0xff, 0xde, 0xff, 0xf0, 0xff, 0xe5, 0xff, 0xf7, 0xff, 0xff, 0xff, 0x7b, 0xff, 0x8d, 0xff, 0x9f, 0xff, 0xff, 0xb1, 0xff, 0xc3, 0xff, 0xd5, 0xff, 0xe7, 0xff, 0xf9, 0xff, 0xe8, 0xff, 0xfa, 0xff, 0xee, 0xff, 0xff, 0xff, 0xff, 0xe0, 0xff, 0xf2, 0xff, 0xff, 0xfe, 0x88, 0xfe, 0x9a, 0xfe, 0xac, 0xfe, 0xbe, 0xff, 0xfe, 0xd0, 0xfe, 0xe2, 0xfe, 0xf4, 0xff, 0x6, 0xff, 0x18, 0xff, 0x2a, 0xff, 0x3c, 0xff, 0x4e, 0xff, 0xff, 0x60, 0xff, 0x72, 0xff, 0x84, 0xff, 0x96, 0xff, 0xa8, 0xff, 0xba, 0xff, 0xcc, 0xff, 0xde, 0xff, 0xff, 0xf0, 0xff, 0xcf, 0xff, 0xe1, 0xff, 0xf3, 0xff, 0xff, 0xff, 0xff, 0xff, 0xff, 0xff, 0xff, 0xff, 0xff, 0xff, 0xff, 0xff, 0xff, 0xff, 0xff, 0x77, 0xff, 0x89, 0xff, 0x9b, 0xff, 0xad, 0xff, 0xbf, 0xff, 0xff, 0xd1, 0xff, 0xe3, 0xff, 0xf5, 0xff, 0xff, 0xff, 0x78, 0xff, 0x8a, 0xff, 0x9c, 0xff, 0xae, 0xff, 0xff, 0xc0, 0xff, 0xd2, 0xff, 0xe4, 0xff, 0xf6, 0xff, 0xff, 0xff, 0x98, 0xff, 0xaa, 0xff, 0xbc, 0xff, 0xff, 0xce, 0xff, 0xe0, 0xff, 0xf2, 0xff, 0xff, 0xff, 0xce, 0xff, 0xe0, 0xff, 0xf2, 0xff, 0xff, 0xff, 0xff, 0xde, 0xff, 0xf0, 0xff, 0xff, 0xff, 0xff, 0xff, 0xff, 0xff, 0xff, 0xff, 0xff, 0xff, 0x7c, 0xff, 0xff, 0x8e, 0xff, 0xa0, 0xff, 0xb2, 0xff, 0xc4, 0xff, 0xd6, 0xff, 0xe8, 0xff, 0xfa, 0xff, 0xff, 0xff, 0xff, 0xff, 0xff, 0xd4, 0xff, 0xe6, 0xff, 0xf8, 0xff, 0xff, 0xff, 0xff, 0xff, 0xff, 0xff, 0xff, 0xff, 0xff, 0xff, 0xff, 0xff, 0xff, 0xff, 0xff, 0xff, 0xff, 0xff, 0xff, 0xff, 0xff, 0xff, 0xff, 0xff, 0xff, 0xff, 0xff, 0xff, 0xff, 0xff, 0xff, 0xff, 0xff, 0xff, 0xff, 0xff, 0x98, 0xff, 0xaa, 0xff, 0xbc, 0xff, 0xff, 0xce, 0xff, 0xe0, 0xff, 0xf2, 0xff, 0xff, 0xff, 0xff, 0xff, 0xff, 0xff, 0x5c, 0xff, 0x6e, 0xff, 0xff, 0x80, 0xff, 0x92, 0xff, 0xa4, 0xff, 0xb6, 0xff, 0xc8, 0xff, 0xda, 0xff, 0xec, 0xff, 0xfe, 0xff, 0xff, 0xff, 0xff, 0xff, 0xff, 0xff, 0xff, 0xff, 0xff, 0xff, 0xff, 0xff, 0xff, 0xff, 0xff, 0xff, 0xff, 0xff, 0xff, 0xff, 0x90, 0xff, 0xa2, 0xff, 0xb4, 0xff, 0xc6, 0xff, 0xd8, 0xff, 0xea, 0xff, 0xfc, 0xff, 0xff, 0xff, 0xff, 0xff, 0xff, 0xff, 0xff, 0xff, 0xff, 0xff, 0xff, 0xff, 0xff, 0xff, 0xff, 0xff, 0xff, 0xff, 0xff, 0xff, 0xff, 0xff, 0xff, 0xff, 0xff, 0xff, 0xff, 0xff, 0xff, 0xff, 0xff, 0xff, 0xff, 0xff, 0xff, 0xff, 0xff, 0xff, 0xff, 0xff, 0xff, 0xff, 0xff, 0xff, 0xff, 0xff, 0xff, 0xd6, 0xff, 0xe8, 0xff, 0xff, 0xfa, 0xff, 0xed, 0xff, 0xff, 0xff, 0xff, 0xff, 0xff, 0xff, 0xff, 0xff, 0xff, 0xff, 0x6b, 0xff, 0xff, 0x7d, 0xff, 0x8f, 0xff, 0xa1, 0xff, 0xb3, 0xff, 0xc5, 0xff, 0xd7, 0xff, 0xe9, 0xff, 0xfb, 0xff, 0xff, 0xff, 0xff, 0xff, 0xff, 0xff, 0xff, 0xff, 0xff, 0xff, 0xff, 0xff, 0xff, 0xff, 0xff, 0xff, 0xe0, 0xff, 0xff, 0xff, 0xff, 0xaf, 0xff, 0x0
